barcode,itemNumber,title,cin,deweyClass,bibNumber,collcode,callNumber
0000101711653,354125,"Fiber arts macrame crochet wrapping coiling weaving","2006-02-28 16:30:00",746,119652,cs8,"746 M446F"
0000101711653,354125,"Fiber arts macrame crochet wrapping coiling weaving","2006-04-14 16:18:00",746,119652,cs8,"746 M446F"
0000101711653,354125,"Fiber arts macrame crochet wrapping coiling weaving","2006-04-17 12:00:00",746,119652,cs8,"746 M446F"
0000101711653,354125,"Fiber arts macrame crochet wrapping coiling weaving","2006-05-31 12:19:00",746,119652,cs8,"746 M446F"
0000101711653,354125,"Fiber arts macrame crochet wrapping coiling weaving","2006-06-01 13:50:00",746,119652,cs8,"746 M446F"
0000101711653,354125,"Fiber arts macrame crochet wrapping coiling weaving","2006-12-11 12:37:00",746,119652,cs8,"746 M446F"
0000101711653,354125,"Fiber arts macrame crochet wrapping coiling weaving","2007-04-12 11:47:00",746,119652,cs8,"746 M446F"
0000101711653,354125,"Fiber arts macrame crochet wrapping coiling weaving","2007-05-01 18:30:00",746,119652,cs8,"746 M446F"
0000101711653,354125,"Fiber arts macrame crochet wrapping coiling weaving","2007-08-18 16:27:00",746,119652,cs8,"746 M446F"
0000101711653,354125,"Fiber arts macrame crochet wrapping coiling weaving","2007-08-20 15:43:00",746,119652,cs8,"746 M446F"
0000101711653,354125,"Fiber arts macrame crochet wrapping coiling weaving","2007-11-30 10:35:00",746,119652,cs8,"746 M446F"
0000101711653,354125,"Fiber arts macrame crochet wrapping coiling weaving","2007-12-13 16:50:00",746,119652,cs8,"746 M446F"
0000101711653,354125,"Fiber arts macrame crochet wrapping coiling weaving","2008-01-12 13:34:00",746,119652,cs8,"746 M446F"
0000101711653,354125,"Fiber arts macrame crochet wrapping coiling weaving","2008-01-14 11:57:00",746,119652,cs8,"746 M446F"
0000101711653,354125,"Fiber arts macrame crochet wrapping coiling weaving","2008-01-25 15:47:00",746,119652,cs8,"746 M446F"
0000101711653,354125,"Fiber arts macrame crochet wrapping coiling weaving","2008-02-11 09:33:00",746,119652,cs8,"746 M446F"
0000101711653,354125,"Fiber arts macrame crochet wrapping coiling weaving","2008-05-20 13:29:00",746,119652,cs8,"746 M446F"
0000101711653,354125,"Fiber arts macrame crochet wrapping coiling weaving","2008-09-15 14:30:00",746,119652,cs8,"746 M446F"
0000101711653,354125,"Fiber arts macrame crochet wrapping coiling weaving","2008-10-16 16:55:00",746,119652,cs8,"746 M446F"
0000101711653,354125,"Fiber arts macrame crochet wrapping coiling weaving","2008-10-17 11:47:00",746,119652,cs8,"746 M446F"
0000101711653,354125,"Fiber arts macrame crochet wrapping coiling weaving","2008-11-28 13:38:00",746,119652,cs8,"746 M446F"
0000101711653,354125,"Fiber arts macrame crochet wrapping coiling weaving","2008-12-02 15:06:00",746,119652,cs8,"746 M446F"
0000101711653,354125,"Fiber arts macrame crochet wrapping coiling weaving","2008-12-23 10:55:00",746,119652,cs8,"746 M446F"
0000101711653,354125,"Fiber arts macrame crochet wrapping coiling weaving","2008-12-26 15:48:00",746,119652,cs8,"746 M446F"
0000101711653,354125,"Fiber arts macrame crochet wrapping coiling weaving","2009-01-14 13:19:00",746,119652,cs8,"746 M446F"
0000101711653,354125,"Fiber arts macrame crochet wrapping coiling weaving","2009-11-05 15:22:00",746,119652,cs8,"746 M446F"
0000101711653,354125,"Fiber arts macrame crochet wrapping coiling weaving","2009-11-06 10:51:00",746,119652,cs8,"746 M446F"
0000101711653,354125,"Fiber arts macrame crochet wrapping coiling weaving","2011-02-28 13:19:00",746,119652,cs8,"746 M446F"
0000101711653,354125,"Fiber arts macrame crochet wrapping coiling weaving","2011-03-12 10:55:00",746,119652,cs8,"746 M446F"
0000101711653,354125,"Fiber arts macrame crochet wrapping coiling weaving","2011-08-25 10:12:00",746,119652,cs8,"746 M446F"
0000101711653,354125,"Fiber arts macrame crochet wrapping coiling weaving","2011-10-08 17:26:00",746,119652,cs8,"746 M446F"
0000101711653,354125,"Fiber arts macrame crochet wrapping coiling weaving","2012-06-20 16:24:00",746,119652,cs8,"746 M446F"
0000101711653,354125,"Fiber arts macrame crochet wrapping coiling weaving","2013-01-17 19:15:00",746,119652,cs8,"746 M446F"
0000101711653,354125,"Fiber arts macrame crochet wrapping coiling weaving","2013-06-11 15:38:00",746,119652,cs8,"746 M446F"
0000101711653,354125,"Fiber arts macrame crochet wrapping coiling weaving","2013-10-29 14:30:00",746,119652,cs8,"746 M446F"
0000101711653,354125,"Fiber arts macrame crochet wrapping coiling weaving","2014-10-21 14:04:00",746,119652,cs8,"746 M446F"
0000101711653,354125,"Fiber arts macrame crochet wrapping coiling weaving","2015-01-22 14:53:00",746,119652,cs8,"746 M446F"
0010084219012,354125,"Fiber arts macrame crochet wrapping coiling weaving","2015-04-22 13:29:00",746,119652,cs8,"746 M446F"
0010084219012,354125,"Fiber arts macrame crochet wrapping coiling weaving","2015-09-09 15:43:00",746,119652,cs8,"746 M446F"
0010084219012,354125,"Fiber arts macrame crochet wrapping coiling weaving","2015-10-14 14:00:00",746,119652,cs8,"746 M446F"
0010084219012,354125,"Fiber arts macrame crochet wrapping coiling weaving","2015-12-18 15:13:00",746,119652,cs8,"746 M446F"
0010084219012,354125,"Fiber arts macrame crochet wrapping coiling weaving","2016-01-27 13:36:00",746,119652,cs8,"746 M446F"
0010084219012,354125,"Fiber arts macrame crochet wrapping coiling weaving","2016-03-02 12:35:00",746,119652,cs8,"746 M446F"
0010084219012,354125,"Fiber arts macrame crochet wrapping coiling weaving","2016-05-14 13:06:00",746,119652,cs8,"746 M446F"
0010084219012,354125,"Fiber arts macrame crochet wrapping coiling weaving","2016-12-23 12:52:00",746,119652,cs8,"746 M446F"
0010084219012,354125,"Fiber arts macrame crochet wrapping coiling weaving","2016-12-31 14:43:00",746,119652,cs8,"746 M446F"
0010084219012,354125,"Fiber arts macrame crochet wrapping coiling weaving","2017-08-14 10:35:00",746,119652,cs8,"746 M446F"
0010084219012,354125,"Fiber arts macrame crochet wrapping coiling weaving","2017-08-16 11:38:00",746,119652,cs8,"746 M446F"
0010084219012,354125,"Fiber arts macrame crochet wrapping coiling weaving","2017-09-09 15:20:00",746,119652,cs8,"746 M446F"
0010084219012,354125,"Fiber arts macrame crochet wrapping coiling weaving","2018-04-10 16:57:00",746,119652,cs8,"746 M446F"
0010084219012,354125,"Fiber arts macrame crochet wrapping coiling weaving","2019-01-26 16:49:00",746,119652,cs8,"746 M446F"
0010084219012,354125,"Fiber arts macrame crochet wrapping coiling weaving","2019-02-19 18:52:00",746,119652,cs8,"746 M446F"
0010084219012,354125,"Fiber arts macrame crochet wrapping coiling weaving","2019-08-03 14:49:00",746,119652,cs8,"746 M446F"
0010084219012,354125,"Fiber arts macrame crochet wrapping coiling weaving","2019-12-21 17:45:00",746,119652,cs8,"746 M446F"
0010084219012,354125,"Fiber arts macrame crochet wrapping coiling weaving","2020-08-26 10:46:00",746,119652,cs8,"746 M446F"
0010084219012,354125,"Fiber arts macrame crochet wrapping coiling weaving","2020-11-09 10:21:00",746,119652,cs8,"746 M446F"
0010084219012,354125,"Fiber arts macrame crochet wrapping coiling weaving","2020-12-13 10:42:00",746,119652,cs8,"746 M446F"
0010084219012,354125,"Fiber arts macrame crochet wrapping coiling weaving","2021-02-24 10:18:00",746,119652,cs8,"746 M446F"
0010084219012,354125,"Fiber arts macrame crochet wrapping coiling weaving","2021-08-23 17:26:00",746,119652,cs8,"746 M446F"
0010084219012,354125,"Fiber arts macrame crochet wrapping coiling weaving","2021-09-18 13:50:00",746,119652,cs8,"746 M446F"
0000102859790,419862,"Macrame a new look at an ancient art","2006-06-16 12:49:00",746,731126,cs8,"746 Ac569M"
0000102859790,419862,"Macrame a new look at an ancient art","2006-06-25 15:55:00",746,731126,cs8,"746 Ac569M"
0000102859790,419862,"Macrame a new look at an ancient art","2006-08-28 12:24:00",746,731126,cs8,"746 Ac569M"
0000102859790,419862,"Macrame a new look at an ancient art","2006-09-14 11:09:00",746,731126,cs8,"746 Ac569M"
0000102859790,419862,"Macrame a new look at an ancient art","2006-09-15 16:55:00",746,731126,cs8,"746 Ac569M"
0000102859790,419862,"Macrame a new look at an ancient art","2007-04-20 14:05:00",746,731126,cs8,"746 Ac569M"
0000102859790,419862,"Macrame a new look at an ancient art","2007-04-23 15:09:00",746,731126,cs8,"746 Ac569M"
0000102859790,419862,"Macrame a new look at an ancient art","2007-05-12 10:35:00",746,731126,cs8,"746 Ac569M"
0000102859790,419862,"Macrame a new look at an ancient art","2007-10-02 12:09:00",746,731126,cs8,"746 Ac569M"
0000102859790,419862,"Macrame a new look at an ancient art","2008-02-25 18:29:00",746,731126,canf,"746 Ac569M"
0000102859790,419862,"Macrame a new look at an ancient art","2008-05-21 13:17:00",746,731126,canf,"746 Ac569M"
0000102859790,419862,"Macrame a new look at an ancient art","2008-06-02 18:25:00",746,731126,canf,"746 Ac569M"
0000102859790,419862,"Macrame a new look at an ancient art","2008-09-19 12:13:00",746,731126,canf,"746 Ac569M"
0000102859790,419862,"Macrame a new look at an ancient art","2008-10-08 18:12:00",746,731126,canf,"746 Ac569M"
0000102859790,419862,"Macrame a new look at an ancient art","2009-01-14 15:49:00",746,731126,canf,"746 Ac569M"
0000102859790,419862,"Macrame a new look at an ancient art","2009-07-20 16:36:00",746,731126,canf,"746 Ac569M"
0000102859790,419862,"Macrame a new look at an ancient art","2009-08-20 14:40:00",746,731126,canf,"746 Ac569M"
0000102859790,419862,"Macrame a new look at an ancient art","2009-09-17 14:11:00",746,731126,canf,"746 Ac569M"
0000102859790,419862,"Macrame a new look at an ancient art","2009-09-20 18:20:00",746,731126,canf,"746 Ac569M"
0000102859790,419862,"Macrame a new look at an ancient art","2009-09-22 10:26:00",746,731126,canf,"746 Ac569M"
0000102859790,419862,"Macrame a new look at an ancient art","2009-09-30 18:00:00",746,731126,canf,"746 Ac569M"
0000102859790,419862,"Macrame a new look at an ancient art","2010-05-17 16:24:00",746,731126,canf,"746 Ac569M"
0000102859790,419862,"Macrame a new look at an ancient art","2010-06-01 17:56:00",746,731126,canf,"746 Ac569M"
0000102859790,419862,"Macrame a new look at an ancient art","2010-07-28 12:10:00",746,731126,canf,"746 Ac569M"
0000102859790,419862,"Macrame a new look at an ancient art","2010-09-29 19:46:00",746,731126,canf,"746 Ac569M"
0000102859790,419862,"Macrame a new look at an ancient art","2010-10-26 10:43:00",746,731126,canf,"746 Ac569M"
0000102859790,419862,"Macrame a new look at an ancient art","2011-07-07 13:46:00",746,731126,canf,"746 Ac569M"
0000102859790,419862,"Macrame a new look at an ancient art","2011-09-21 12:33:00",746,731126,canf,"746 Ac569M"
0000102859790,419862,"Macrame a new look at an ancient art","2012-02-28 13:35:00",746,731126,canf,"746 Ac569M"
0000102859790,419862,"Macrame a new look at an ancient art","2012-06-28 14:30:00",746,731126,canf,"746 Ac569M"
0000102859790,419862,"Macrame a new look at an ancient art","2012-08-24 14:29:00",746,731126,canf,"746 Ac569M"
0000102859790,419862,"Macrame a new look at an ancient art","2012-12-08 14:17:00",746,731126,canf,"746 Ac569M"
0000102859790,419862,"Macrame a new look at an ancient art","2013-01-31 19:27:00",746,731126,canf,"746 Ac569M"
0000102859790,419862,"Macrame a new look at an ancient art","2013-03-30 13:03:00",746,731126,canf,"746 Ac569M"
0000102859790,419862,"Macrame a new look at an ancient art","2013-04-21 12:29:00",746,731126,canf,"746 Ac569M"
0000102859790,419862,"Macrame a new look at an ancient art","2013-07-30 19:06:00",746,731126,canf,"746 Ac569M"
0000102859790,419862,"Macrame a new look at an ancient art","2013-08-19 16:09:00",746,731126,canf,"746 Ac569M"
0000102859790,419862,"Macrame a new look at an ancient art","2013-10-22 15:18:00",746,731126,canf,"746 Ac569M"
0000102859790,419862,"Macrame a new look at an ancient art","2013-11-19 15:37:00",746,731126,canf,"746 Ac569M"
0000102859790,419862,"Macrame a new look at an ancient art","2013-12-01 13:12:00",746,731126,canf,"746 Ac569M"
0000102859790,419862,"Macrame a new look at an ancient art","2014-04-26 17:06:00",746,731126,canf,"746 Ac569M"
0000102859790,419862,"Macrame a new look at an ancient art","2014-06-06 11:31:00",746,731126,canf,"746 Ac569M"
0000102859790,419862,"Macrame a new look at an ancient art","2014-08-15 13:59:00",746,731126,canf,"746 Ac569M"
0000102859790,419862,"Macrame a new look at an ancient art","2014-08-21 17:32:00",746,731126,canf,"746 Ac569M"
0000102859790,419862,"Macrame a new look at an ancient art","2014-09-26 16:45:00",746,731126,canf,"746 Ac569M"
0000102859790,419862,"Macrame a new look at an ancient art","2014-10-11 16:50:00",746,731126,canf,"746 Ac569M"
0000102859790,419862,"Macrame a new look at an ancient art","2015-03-30 19:16:00",746,731126,canf,"746 Ac569M"
0000102859790,419862,"Macrame a new look at an ancient art","2015-09-04 16:32:00",746,731126,canf,"746 Ac569M"
0000102859790,419862,"Macrame a new look at an ancient art","2015-11-22 14:41:00",746,731126,canf,"746 Ac569M"
0000102859790,419862,"Macrame a new look at an ancient art","2016-12-08 12:05:00",746,731126,canf,"746 Ac569M"
0000102859790,419862,"Macrame a new look at an ancient art","2017-04-02 16:13:00",746,731126,canf,"746 Ac569M"
0000102859790,419862,"Macrame a new look at an ancient art","2017-05-17 17:15:00",746,731126,canf,"746 Ac569M"
0000102859790,419862,"Macrame a new look at an ancient art","2017-07-31 18:32:00",746,731126,cs8,"746 Ac569M"
0000102859790,419862,"Macrame a new look at an ancient art","2017-08-14 10:36:00",746,731126,cs8,"746 Ac569M"
0000102859790,419862,"Macrame a new look at an ancient art","2018-04-10 17:36:00",746,731126,cs8,"746 Ac569M"
0000102859790,419862,"Macrame a new look at an ancient art","2018-05-07 11:56:00",746,731126,cs8,"746 Ac569M"
0000102859790,419862,"Macrame a new look at an ancient art","2018-10-31 14:18:00",746,731126,cs8,"746 Ac569M"
0000102859790,419862,"Macrame a new look at an ancient art","2019-01-09 17:26:00",746,731126,cs8,"746 Ac569M"
0000102859790,419862,"Macrame a new look at an ancient art","2019-04-01 18:03:00",746,731126,cs8,"746 Ac569M"
0000102859790,419862,"Macrame a new look at an ancient art","2019-06-21 10:32:00",746,731126,cs8,"746 Ac569M"
0000102859790,419862,"Macrame a new look at an ancient art","2019-06-29 14:11:00",746,731126,cs8,"746 Ac569M"
0010097213648,419862,"Macrame a new look at an ancient art","2019-11-06 13:37:00",746,731126,cs8,"746 Ac569M"
0010097213648,419862,"Macrame a new look at an ancient art","2019-12-28 10:47:00",746,731126,cs8,"746 Ac569M"
0010097213648,419862,"Macrame a new look at an ancient art","2020-01-05 14:01:00",746,731126,cs8,"746 Ac569M"
0010097213648,419862,"Macrame a new look at an ancient art","2020-01-25 15:00:00",746,731126,cs8,"746 Ac569M"
0010097213648,419862,"Macrame a new look at an ancient art","2020-12-06 11:09:00",746,731126,cs8,"746 Ac569M"
0010097213648,419862,"Macrame a new look at an ancient art","2021-12-02 15:01:00",746,731126,cs8,"746 Ac569M"
0010097213648,419862,"Macrame a new look at an ancient art","2022-03-24 14:07:00",746,731126,cs8,"746 Ac569M"
0010097213648,419862,"Macrame a new look at an ancient art","2022-05-10 14:17:00",746,731126,cs8,"746 Ac569M"
0000100806256,420712,"Far beyond the fringe three dimensional knotting techniques using macrame nautical ropework","2006-05-23 17:49:00",746,707238,canf,"746 An245F"
0000100806256,420712,"Far beyond the fringe three dimensional knotting techniques using macrame nautical ropework","2007-02-20 15:10:00",746,707238,canf,"746 An245F"
0000100806256,420712,"Far beyond the fringe three dimensional knotting techniques using macrame nautical ropework","2007-08-08 16:10:00",746,707238,canf,"746 An245F"
0000100806256,420712,"Far beyond the fringe three dimensional knotting techniques using macrame nautical ropework","2007-11-03 12:33:00",746,707238,canf,"746 An245F"
0000100806256,420712,"Far beyond the fringe three dimensional knotting techniques using macrame nautical ropework","2008-04-02 10:31:00",746,707238,canf,"746 An245F"
0000100806256,420712,"Far beyond the fringe three dimensional knotting techniques using macrame nautical ropework","2008-05-24 14:08:00",746,707238,canf,"746 An245F"
0000100806256,420712,"Far beyond the fringe three dimensional knotting techniques using macrame nautical ropework","2008-12-23 15:27:00",746,707238,canf,"746 An245F"
0000100806256,420712,"Far beyond the fringe three dimensional knotting techniques using macrame nautical ropework","2008-12-29 17:02:00",746,707238,canf,"746 An245F"
0000100806256,420712,"Far beyond the fringe three dimensional knotting techniques using macrame nautical ropework","2009-01-12 11:12:00",746,707238,canf,"746 An245F"
0000100806256,420712,"Far beyond the fringe three dimensional knotting techniques using macrame nautical ropework","2009-01-28 15:05:00",746,707238,canf,"746 An245F"
0000100806256,420712,"Far beyond the fringe three dimensional knotting techniques using macrame nautical ropework","2009-08-04 17:29:00",746,707238,canf,"746 An245F"
0000100806256,420712,"Far beyond the fringe three dimensional knotting techniques using macrame nautical ropework","2009-08-05 21:10:00",746,707238,canf,"746 An245F"
0000100806256,420712,"Far beyond the fringe three dimensional knotting techniques using macrame nautical ropework","2009-08-06 11:58:00",746,707238,canf,"746 An245F"
0000100806256,420712,"Far beyond the fringe three dimensional knotting techniques using macrame nautical ropework","2009-08-19 18:16:00",746,707238,canf,"746 An245F"
0000100806256,420712,"Far beyond the fringe three dimensional knotting techniques using macrame nautical ropework","2009-09-15 16:27:00",746,707238,canf,"746 An245F"
0000100806256,420712,"Far beyond the fringe three dimensional knotting techniques using macrame nautical ropework","2009-09-21 13:23:00",746,707238,canf,"746 An245F"
0000100806256,420712,"Far beyond the fringe three dimensional knotting techniques using macrame nautical ropework","2009-09-29 18:04:00",746,707238,canf,"746 An245F"
0000100806256,420712,"Far beyond the fringe three dimensional knotting techniques using macrame nautical ropework","2009-10-01 21:10:00",746,707238,canf,"746 An245F"
0000100806256,420712,"Far beyond the fringe three dimensional knotting techniques using macrame nautical ropework","2009-10-02 14:54:00",746,707238,canf,"746 An245F"
0000100806256,420712,"Far beyond the fringe three dimensional knotting techniques using macrame nautical ropework","2009-10-15 15:44:00",746,707238,canf,"746 An245F"
0000100806256,420712,"Far beyond the fringe three dimensional knotting techniques using macrame nautical ropework","2009-10-17 12:13:00",746,707238,canf,"746 An245F"
0000100806256,420712,"Far beyond the fringe three dimensional knotting techniques using macrame nautical ropework","2009-10-19 10:21:00",746,707238,canf,"746 An245F"
0000100806256,420712,"Far beyond the fringe three dimensional knotting techniques using macrame nautical ropework","2009-11-06 21:33:00",746,707238,canf,"746 An245F"
0000100806256,420712,"Far beyond the fringe three dimensional knotting techniques using macrame nautical ropework","2009-11-18 19:55:00",746,707238,canf,"746 An245F"
0000100806256,420712,"Far beyond the fringe three dimensional knotting techniques using macrame nautical ropework","2009-11-20 13:34:00",746,707238,canf,"746 An245F"
0000100806256,420712,"Far beyond the fringe three dimensional knotting techniques using macrame nautical ropework","2009-12-14 16:54:00",746,707238,canf,"746 An245F"
0000100806256,420712,"Far beyond the fringe three dimensional knotting techniques using macrame nautical ropework","2009-12-15 21:29:00",746,707238,canf,"746 An245F"
0000100806256,420712,"Far beyond the fringe three dimensional knotting techniques using macrame nautical ropework","2009-12-17 11:01:00",746,707238,canf,"746 An245F"
0000100806256,420712,"Far beyond the fringe three dimensional knotting techniques using macrame nautical ropework","2010-02-13 12:55:00",746,707238,canf,"746 An245F"
0000100806256,420712,"Far beyond the fringe three dimensional knotting techniques using macrame nautical ropework","2010-06-09 15:23:00",746,707238,canf,"746 An245F"
0000100806256,420712,"Far beyond the fringe three dimensional knotting techniques using macrame nautical ropework","2010-06-10 12:13:00",746,707238,canf,"746 An245F"
0000100806256,420712,"Far beyond the fringe three dimensional knotting techniques using macrame nautical ropework","2010-06-13 15:46:00",746,707238,canf,"746 An245F"
0000100806256,420712,"Far beyond the fringe three dimensional knotting techniques using macrame nautical ropework","2010-07-21 12:03:00",746,707238,canf,"746 An245F"
0000100806256,420712,"Far beyond the fringe three dimensional knotting techniques using macrame nautical ropework","2010-08-09 14:56:00",746,707238,canf,"746 An245F"
0000100806256,420712,"Far beyond the fringe three dimensional knotting techniques using macrame nautical ropework","2010-09-20 13:52:00",746,707238,canf,"746 An245F"
0000100806256,420712,"Far beyond the fringe three dimensional knotting techniques using macrame nautical ropework","2010-09-21 18:05:00",746,707238,canf,"746 An245F"
0000100806256,420712,"Far beyond the fringe three dimensional knotting techniques using macrame nautical ropework","2010-10-26 10:44:00",746,707238,canf,"746 An245F"
0000100806256,420712,"Far beyond the fringe three dimensional knotting techniques using macrame nautical ropework","2011-10-08 17:26:00",746,707238,canf,"746 An245F"
0000100806256,420712,"Far beyond the fringe three dimensional knotting techniques using macrame nautical ropework","2011-12-22 19:17:00",746,707238,canf,"746 An245F"
0000100806256,420712,"Far beyond the fringe three dimensional knotting techniques using macrame nautical ropework","2012-05-01 14:23:00",746,707238,canf,"746 An245F"
0000100806256,420712,"Far beyond the fringe three dimensional knotting techniques using macrame nautical ropework","2012-07-09 16:17:00",746,707238,canf,"746 An245F"
0000100806256,420712,"Far beyond the fringe three dimensional knotting techniques using macrame nautical ropework","2012-09-06 14:59:00",746,707238,canf,"746 An245F"
0000100806256,420712,"Far beyond the fringe three dimensional knotting techniques using macrame nautical ropework","2013-04-18 15:45:00",746,707238,canf,"746 An245F"
0000100806256,420712,"Far beyond the fringe three dimensional knotting techniques using macrame nautical ropework","2014-11-12 13:22:00",746,707238,canf,"746 An245F"
0000100806256,420712,"Far beyond the fringe three dimensional knotting techniques using macrame nautical ropework","2015-01-22 14:10:00",746,707238,canf,"746 An245F"
0000100806256,420712,"Far beyond the fringe three dimensional knotting techniques using macrame nautical ropework","2015-02-23 12:05:00",746,707238,canf,"746 An245F"
0000100806256,420712,"Far beyond the fringe three dimensional knotting techniques using macrame nautical ropework","2015-07-29 14:35:00",746,707238,canf,"746 An245F"
0000100806256,420712,"Far beyond the fringe three dimensional knotting techniques using macrame nautical ropework","2015-12-18 15:12:00",746,707238,canf,"746 An245F"
0000100806256,420712,"Far beyond the fringe three dimensional knotting techniques using macrame nautical ropework","2016-02-29 13:13:00",746,707238,canf,"746 An245F"
0000100806256,420712,"Far beyond the fringe three dimensional knotting techniques using macrame nautical ropework","2016-08-02 19:14:00",746,707238,canf,"746 An245F"
0000100806256,420712,"Far beyond the fringe three dimensional knotting techniques using macrame nautical ropework","2016-10-07 17:10:00",746,707238,canf,"746 An245F"
0000100806256,420712,"Far beyond the fringe three dimensional knotting techniques using macrame nautical ropework","2016-12-23 12:51:00",746,707238,canf,"746 An245F"
0000100806256,420712,"Far beyond the fringe three dimensional knotting techniques using macrame nautical ropework","2017-03-13 15:59:00",746,707238,canf,"746 An245F"
0000100806256,420712,"Far beyond the fringe three dimensional knotting techniques using macrame nautical ropework","2017-04-02 16:11:00",746,707238,canf,"746 An245F"
0000100806256,420712,"Far beyond the fringe three dimensional knotting techniques using macrame nautical ropework","2017-07-05 14:39:00",746,707238,canf,"746 An245F"
0000100806256,420712,"Far beyond the fringe three dimensional knotting techniques using macrame nautical ropework","2017-08-30 13:50:00",746,707238,canf,"746 An245F"
0000100806256,420712,"Far beyond the fringe three dimensional knotting techniques using macrame nautical ropework","2017-10-21 14:45:00",746,707238,canf,"746 An245F"
0000100806256,420712,"Far beyond the fringe three dimensional knotting techniques using macrame nautical ropework","2017-11-14 18:16:00",746,707238,canf,"746 An245F"
0000100806256,420712,"Far beyond the fringe three dimensional knotting techniques using macrame nautical ropework","2018-08-19 16:29:00",746,707238,canf,"746 An245F"
0010097215262,420712,"Far beyond the fringe three dimensional knotting techniques using macrame nautical ropework","2020-02-23 13:15:00",746,707238,canf,"746 An245F"
0010097215262,420712,"Far beyond the fringe three dimensional knotting techniques using macrame nautical ropework","2021-10-04 13:06:00",746,707238,canf,"746 An245F"
0010097215262,420712,"Far beyond the fringe three dimensional knotting techniques using macrame nautical ropework","2022-04-25 09:39:00",746,707238,canf,"746 An245F"
0010097215262,420712,"Far beyond the fringe three dimensional knotting techniques using macrame nautical ropework","2022-04-30 17:38:00",746,707238,canf,"746 An245F"
0010043643260,573075,"Macrame 20 great projects to knot","2006-03-04 14:23:00",746.4222,2113702,nanf,"746.4222 G2897M 2002"
0010043643260,573075,"Macrame 20 great projects to knot","2006-05-21 15:48:00",746.4222,2113702,nanf,"746.4222 G2897M 2002"
0010043643260,573075,"Macrame 20 great projects to knot","2006-05-25 11:21:00",746.4222,2113702,nanf,"746.4222 G2897M 2002"
0010043643260,573075,"Macrame 20 great projects to knot","2006-09-06 16:28:00",746.4222,2113702,nanf,"746.4222 G2897M 2002"
0010043643260,573075,"Macrame 20 great projects to knot","2006-09-30 10:59:00",746.4222,2113702,nanf,"746.4222 G2897M 2002"
0010043643260,573075,"Macrame 20 great projects to knot","2006-11-07 11:21:00",746.4222,2113702,nanf,"746.4222 G2897M 2002"
0010043643260,573075,"Macrame 20 great projects to knot","2007-01-09 19:55:00",746.4222,2113702,nanf,"746.4222 G2897M 2002"
0010043643260,573075,"Macrame 20 great projects to knot","2007-03-23 09:35:00",746.4222,2113702,nanf,"746.4222 G2897M 2002"
0010043643260,573075,"Macrame 20 great projects to knot","2007-04-23 14:00:00",746.4222,2113702,nanf,"746.4222 G2897M 2002"
0010043643260,573075,"Macrame 20 great projects to knot","2007-07-05 16:43:00",746.4222,2113702,nanf,"746.4222 G2897M 2002"
0010043643260,573075,"Macrame 20 great projects to knot","2007-07-06 11:18:00",746.4222,2113702,nanf,"746.4222 G2897M 2002"
0010043643260,573075,"Macrame 20 great projects to knot","2007-07-23 16:38:00",746.4222,2113702,nanf,"746.4222 G2897M 2002"
0010043643260,573075,"Macrame 20 great projects to knot","2007-09-20 13:24:00",746.4222,2113702,nanf,"746.4222 G2897M 2002"
0010043643260,573075,"Macrame 20 great projects to knot","2007-10-04 21:42:00",746.4222,2113702,nanf,"746.4222 G2897M 2002"
0010043643260,573075,"Macrame 20 great projects to knot","2007-10-08 11:27:00",746.4222,2113702,nanf,"746.4222 G2897M 2002"
0010043643260,573075,"Macrame 20 great projects to knot","2007-11-30 21:27:00",746.4222,2113702,nanf,"746.4222 G2897M 2002"
0010043643260,573075,"Macrame 20 great projects to knot","2007-12-03 16:33:00",746.4222,2113702,nanf,"746.4222 G2897M 2002"
0010043643260,573075,"Macrame 20 great projects to knot","2007-12-13 16:50:00",746.4222,2113702,nanf,"746.4222 G2897M 2002"
0010043643260,573075,"Macrame 20 great projects to knot","2008-03-12 17:14:00",746.4222,2113702,nanf,"746.4222 G2897M 2002"
0010043643260,573075,"Macrame 20 great projects to knot","2008-04-05 16:31:00",746.4222,2113702,nanf,"746.4222 G2897M 2002"
0010043643260,573075,"Macrame 20 great projects to knot","2008-05-02 15:50:00",746.4222,2113702,nanf,"746.4222 G2897M 2002"
0010043643260,573075,"Macrame 20 great projects to knot","2008-05-05 15:09:00",746.4222,2113702,nanf,"746.4222 G2897M 2002"
0010043643260,573075,"Macrame 20 great projects to knot","2008-05-21 18:30:00",746.4222,2113702,nanf,"746.4222 G2897M 2002"
0010043643260,573075,"Macrame 20 great projects to knot","2008-08-21 17:27:00",746.4222,2113702,nanf,"746.4222 G2897M 2002"
0010043643260,573075,"Macrame 20 great projects to knot","2008-08-22 11:11:00",746.4222,2113702,nanf,"746.4222 G2897M 2002"
0010043643260,573075,"Macrame 20 great projects to knot","2008-09-18 15:27:00",746.4222,2113702,nanf,"746.4222 G2897M 2002"
0010043643260,573075,"Macrame 20 great projects to knot","2008-09-22 13:42:00",746.4222,2113702,nanf,"746.4222 G2897M 2002"
0010043643260,573075,"Macrame 20 great projects to knot","2008-10-07 19:24:00",746.4222,2113702,nanf,"746.4222 G2897M 2002"
0010043643260,573075,"Macrame 20 great projects to knot","2008-10-08 10:07:00",746.4222,2113702,nanf,"746.4222 G2897M 2002"
0010043643260,573075,"Macrame 20 great projects to knot","2008-10-16 17:31:00",746.4222,2113702,nanf,"746.4222 G2897M 2002"
0010043643260,573075,"Macrame 20 great projects to knot","2009-01-04 20:49:00",746.4222,2113702,nanf,"746.4222 G2897M 2002"
0010043643260,573075,"Macrame 20 great projects to knot","2009-01-20 13:54:00",746.4222,2113702,nanf,"746.4222 G2897M 2002"
0010043643260,573075,"Macrame 20 great projects to knot","2009-02-03 10:34:00",746.4222,2113702,nanf,"746.4222 G2897M 2002"
0010043643260,573075,"Macrame 20 great projects to knot","2009-07-03 14:51:00",746.4222,2113702,nanf,"746.4222 G2897M 2002"
0010043643260,573075,"Macrame 20 great projects to knot","2009-08-23 22:51:00",746.4222,2113702,nanf,"746.4222 G2897M 2002"
0010043643260,573075,"Macrame 20 great projects to knot","2009-08-25 11:37:00",746.4222,2113702,nanf,"746.4222 G2897M 2002"
0010043643260,573075,"Macrame 20 great projects to knot","2009-09-13 15:40:00",746.4222,2113702,nanf,"746.4222 G2897M 2002"
0010043643260,573075,"Macrame 20 great projects to knot","2009-11-07 18:08:00",746.4222,2113702,nanf,"746.4222 G2897M 2002"
0010043643260,573075,"Macrame 20 great projects to knot","2009-11-09 11:52:00",746.4222,2113702,nanf,"746.4222 G2897M 2002"
0010043643260,573075,"Macrame 20 great projects to knot","2009-11-20 22:16:00",746.4222,2113702,nanf,"746.4222 G2897M 2002"
0010043643260,573075,"Macrame 20 great projects to knot","2009-11-23 11:25:00",746.4222,2113702,nanf,"746.4222 G2897M 2002"
0010043643260,573075,"Macrame 20 great projects to knot","2009-12-29 14:56:00",746.4222,2113702,nanf,"746.4222 G2897M 2002"
0010043643260,573075,"Macrame 20 great projects to knot","2010-01-04 11:20:00",746.4222,2113702,nanf,"746.4222 G2897M 2002"
0010043643260,573075,"Macrame 20 great projects to knot","2010-01-15 21:27:00",746.4222,2113702,nanf,"746.4222 G2897M 2002"
0010043643260,573075,"Macrame 20 great projects to knot","2010-01-19 16:55:00",746.4222,2113702,nanf,"746.4222 G2897M 2002"
0010043643260,573075,"Macrame 20 great projects to knot","2010-01-22 17:17:00",746.4222,2113702,nanf,"746.4222 G2897M 2002"
0010043643260,573075,"Macrame 20 great projects to knot","2010-01-23 17:02:00",746.4222,2113702,nanf,"746.4222 G2897M 2002"
0010043643260,573075,"Macrame 20 great projects to knot","2010-01-29 13:57:00",746.4222,2113702,nanf,"746.4222 G2897M 2002"
0010043643260,573075,"Macrame 20 great projects to knot","2010-01-31 18:07:00",746.4222,2113702,nanf,"746.4222 G2897M 2002"
0010043643260,573075,"Macrame 20 great projects to knot","2010-02-02 13:06:00",746.4222,2113702,nanf,"746.4222 G2897M 2002"
0010043643260,573075,"Macrame 20 great projects to knot","2010-03-17 17:27:00",746.4222,2113702,nanf,"746.4222 G2897M 2002"
0010043643260,573075,"Macrame 20 great projects to knot","2010-03-22 12:46:00",746.4222,2113702,nanf,"746.4222 G2897M 2002"
0010043643260,573075,"Macrame 20 great projects to knot","2010-04-08 15:04:00",746.4222,2113702,nanf,"746.4222 G2897M 2002"
0010043643260,573075,"Macrame 20 great projects to knot","2010-05-17 18:25:00",746.4222,2113702,nanf,"746.4222 G2897M 2002"
0010043643260,573075,"Macrame 20 great projects to knot","2010-05-19 11:44:00",746.4222,2113702,nanf,"746.4222 G2897M 2002"
0010043643260,573075,"Macrame 20 great projects to knot","2010-05-29 15:54:00",746.4222,2113702,nanf,"746.4222 G2897M 2002"
0010043643260,573075,"Macrame 20 great projects to knot","2010-06-02 18:20:00",746.4222,2113702,nanf,"746.4222 G2897M 2002"
0010043643260,573075,"Macrame 20 great projects to knot","2010-06-03 10:51:00",746.4222,2113702,nanf,"746.4222 G2897M 2002"
0010043643260,573075,"Macrame 20 great projects to knot","2010-06-15 12:54:00",746.4222,2113702,nanf,"746.4222 G2897M 2002"
0010043643260,573075,"Macrame 20 great projects to knot","2010-06-16 19:06:00",746.4222,2113702,nanf,"746.4222 G2897M 2002"
0010043643260,573075,"Macrame 20 great projects to knot","2010-06-26 18:06:00",746.4222,2113702,nanf,"746.4222 G2897M 2002"
0010043643260,573075,"Macrame 20 great projects to knot","2010-06-28 12:39:00",746.4222,2113702,nanf,"746.4222 G2897M 2002"
0010043643260,573075,"Macrame 20 great projects to knot","2010-09-13 15:18:00",746.4222,2113702,nanf,"746.4222 G2897M 2002"
0010043643260,573075,"Macrame 20 great projects to knot","2010-09-24 14:52:00",746.4222,2113702,nanf,"746.4222 G2897M 2002"
0010043643260,573075,"Macrame 20 great projects to knot","2010-09-25 12:56:00",746.4222,2113702,nanf,"746.4222 G2897M 2002"
0010043643260,573075,"Macrame 20 great projects to knot","2010-09-27 16:12:00",746.4222,2113702,nanf,"746.4222 G2897M 2002"
0010043643260,573075,"Macrame 20 great projects to knot","2010-11-24 10:13:00",746.4222,2113702,nanf,"746.4222 G2897M 2002"
0010043643260,573075,"Macrame 20 great projects to knot","2010-11-27 10:28:00",746.4222,2113702,nanf,"746.4222 G2897M 2002"
0010043643260,573075,"Macrame 20 great projects to knot","2011-02-18 21:32:00",746.4222,2113702,nanf,"746.4222 G2897M 2002"
0010043643260,573075,"Macrame 20 great projects to knot","2011-02-20 10:06:00",746.4222,2113702,nanf,"746.4222 G2897M 2002"
0010043643260,573075,"Macrame 20 great projects to knot","2011-03-06 13:24:00",746.4222,2113702,nanf,"746.4222 G2897M 2002"
0010043643260,573075,"Macrame 20 great projects to knot","2011-04-04 14:50:00",746.4222,2113702,nanf,"746.4222 G2897M 2002"
0010043643260,573075,"Macrame 20 great projects to knot","2011-06-06 14:16:00",746.4222,2113702,canf,"746.4222 G2897M 2002"
0010043643260,573075,"Macrame 20 great projects to knot","2011-06-30 17:42:00",746.4222,2113702,canf,"746.4222 G2897M 2002"
0010043643260,573075,"Macrame 20 great projects to knot","2011-07-06 15:08:00",746.4222,2113702,canf,"746.4222 G2897M 2002"
0010043643260,573075,"Macrame 20 great projects to knot","2011-07-07 12:36:00",746.4222,2113702,canf,"746.4222 G2897M 2002"
0010043643260,573075,"Macrame 20 great projects to knot","2011-09-19 18:16:00",746.4222,2113702,canf,"746.4222 G2897M 2002"
0010043643260,573075,"Macrame 20 great projects to knot","2011-10-20 18:33:00",746.4222,2113702,canf,"746.4222 G2897M 2002"
0010043643260,573075,"Macrame 20 great projects to knot","2011-11-02 17:26:00",746.4222,2113702,canf,"746.4222 G2897M 2002"
0010043643260,573075,"Macrame 20 great projects to knot","2011-11-09 15:56:00",746.4222,2113702,canf,"746.4222 G2897M 2002"
0010043643260,573075,"Macrame 20 great projects to knot","2011-11-27 16:21:00",746.4222,2113702,canf,"746.4222 G2897M 2002"
0010043643260,573075,"Macrame 20 great projects to knot","2011-12-29 14:52:00",746.4222,2113702,canf,"746.4222 G2897M 2002"
0010043643260,573075,"Macrame 20 great projects to knot","2012-01-11 17:15:00",746.4222,2113702,canf,"746.4222 G2897M 2002"
0010043643260,573075,"Macrame 20 great projects to knot","2012-02-28 13:35:00",746.4222,2113702,canf,"746.4222 G2897M 2002"
0010043643260,573075,"Macrame 20 great projects to knot","2012-04-12 16:05:00",746.4222,2113702,canf,"746.4222 G2897M 2002"
0010043643260,573075,"Macrame 20 great projects to knot","2012-06-20 16:24:00",746.4222,2113702,canf,"746.4222 G2897M 2002"
0010043643260,573075,"Macrame 20 great projects to knot","2012-07-13 17:08:00",746.4222,2113702,canf,"746.4222 G2897M 2002"
0010043643260,573075,"Macrame 20 great projects to knot","2012-09-12 17:43:00",746.4222,2113702,canf,"746.4222 G2897M 2002"
0010043643260,573075,"Macrame 20 great projects to knot","2012-10-09 13:38:00",746.4222,2113702,canf,"746.4222 G2897M 2002"
0010043643260,573075,"Macrame 20 great projects to knot","2012-11-07 11:59:00",746.4222,2113702,canf,"746.4222 G2897M 2002"
0010043643260,573075,"Macrame 20 great projects to knot","2012-12-08 14:39:00",746.4222,2113702,canf,"746.4222 G2897M 2002"
0010043643260,573075,"Macrame 20 great projects to knot","2013-01-31 19:27:00",746.4222,2113702,canf,"746.4222 G2897M 2002"
0010043643260,573075,"Macrame 20 great projects to knot","2013-10-08 15:09:00",746.4222,2113702,canf,"746.4222 G2897M 2002"
0010043643260,573075,"Macrame 20 great projects to knot","2013-11-17 13:54:00",746.4222,2113702,canf,"746.4222 G2897M 2002"
0010043643260,573075,"Macrame 20 great projects to knot","2014-02-15 13:43:00",746.4222,2113702,canf,"746.4222 G2897M 2002"
0010043643260,573075,"Macrame 20 great projects to knot","2014-04-07 13:09:00",746.4222,2113702,canf,"746.4222 G2897M 2002"
0010043643260,573075,"Macrame 20 great projects to knot","2014-05-09 14:46:00",746.4222,2113702,canf,"746.4222 G2897M 2002"
0010043643260,573075,"Macrame 20 great projects to knot","2014-08-05 16:58:00",746.4222,2113702,canf,"746.4222 G2897M 2002"
0010043643260,573075,"Macrame 20 great projects to knot","2014-09-28 13:33:00",746.4222,2113702,canf,"746.4222 G2897M 2002"
0010043643260,573075,"Macrame 20 great projects to knot","2014-12-16 20:16:00",746.4222,2113702,canf,"746.4222 G2897M 2002"
0010043643260,573075,"Macrame 20 great projects to knot","2015-02-20 18:06:00",746.4222,2113702,canf,"746.4222 G2897M 2002"
0010043643260,573075,"Macrame 20 great projects to knot","2015-03-21 17:31:00",746.4222,2113702,canf,"746.4222 G2897M 2002"
0010043643260,573075,"Macrame 20 great projects to knot","2015-07-11 15:21:00",746.4222,2113702,canf,"746.4222 G2897M 2002"
0010043643260,573075,"Macrame 20 great projects to knot","2015-09-20 14:02:00",746.4222,2113702,canf,"746.4222 G2897M 2002"
0010043643260,573075,"Macrame 20 great projects to knot","2015-10-20 16:18:00",746.4222,2113702,canf,"746.4222 G2897M 2002"
0010043643260,573075,"Macrame 20 great projects to knot","2015-11-22 14:41:00",746.4222,2113702,canf,"746.4222 G2897M 2002"
0010043643260,573075,"Macrame 20 great projects to knot","2016-01-06 12:01:00",746.4222,2113702,canf,"746.4222 G2897M 2002"
0010043643260,573075,"Macrame 20 great projects to knot","2016-02-23 19:38:00",746.4222,2113702,canf,"746.4222 G2897M 2002"
0010043643260,573075,"Macrame 20 great projects to knot","2016-05-26 13:12:00",746.4222,2113702,canf,"746.4222 G2897M 2002"
0010043643260,573075,"Macrame 20 great projects to knot","2016-10-18 11:19:00",746.4222,2113702,canf,"746.4222 G2897M 2002"
0010043643260,573075,"Macrame 20 great projects to knot","2016-11-04 17:07:00",746.4222,2113702,canf,"746.4222 G2897M 2002"
0010043643260,573075,"Macrame 20 great projects to knot","2016-12-23 12:51:00",746.4222,2113702,canf,"746.4222 G2897M 2002"
0010043643260,573075,"Macrame 20 great projects to knot","2017-04-24 15:54:00",746.4222,2113702,canf,"746.4222 G2897M 2002"
0010043643260,573075,"Macrame 20 great projects to knot","2017-05-17 17:37:00",746.4222,2113702,canf,"746.4222 G2897M 2002"
0010043643260,573075,"Macrame 20 great projects to knot","2017-05-20 15:17:00",746.4222,2113702,canf,"746.4222 G2897M 2002"
0010043643260,573075,"Macrame 20 great projects to knot","2017-06-06 12:27:00",746.4222,2113702,canf,"746.4222 G2897M 2002"
0010043643260,573075,"Macrame 20 great projects to knot","2017-07-05 14:36:00",746.4222,2113702,canf,"746.4222 G2897M 2002"
0010043643260,573075,"Macrame 20 great projects to knot","2017-08-25 15:04:00",746.4222,2113702,canf,"746.4222 G2897M 2002"
0010043643260,573075,"Macrame 20 great projects to knot","2017-09-25 18:21:00",746.4222,2113702,canf,"746.4222 G2897M 2002"
0010043643260,573075,"Macrame 20 great projects to knot","2017-12-19 15:53:00",746.4222,2113702,canf,"746.4222 G2897M 2002"
0010043643260,573075,"Macrame 20 great projects to knot","2018-05-03 19:04:00",746.4222,2113702,canf,"746.4222 G2897M 2002"
0010043643682,576723,"Macrame 20 great projects to knot","2006-01-04 13:12:00",746.4222,2113702,nanf,"746.4222 G2897M 2002"
0010043643682,576723,"Macrame 20 great projects to knot","2006-03-16 15:54:00",746.4222,2113702,nanf,"746.4222 G2897M 2002"
0010043643682,576723,"Macrame 20 great projects to knot","2006-03-28 18:43:00",746.4222,2113702,nanf,"746.4222 G2897M 2002"
0010043643682,576723,"Macrame 20 great projects to knot","2006-03-30 10:26:00",746.4222,2113702,nanf,"746.4222 G2897M 2002"
0010043643682,576723,"Macrame 20 great projects to knot","2006-06-03 11:21:00",746.4222,2113702,nanf,"746.4222 G2897M 2002"
0010043643682,576723,"Macrame 20 great projects to knot","2006-06-30 13:10:00",746.4222,2113702,nanf,"746.4222 G2897M 2002"
0010043643682,576723,"Macrame 20 great projects to knot","2006-09-13 14:03:00",746.4222,2113702,nanf,"746.4222 G2897M 2002"
0010043643682,576723,"Macrame 20 great projects to knot","2006-09-14 11:23:00",746.4222,2113702,nanf,"746.4222 G2897M 2002"
0010043643682,576723,"Macrame 20 great projects to knot","2006-09-23 13:08:00",746.4222,2113702,nanf,"746.4222 G2897M 2002"
0010043643682,576723,"Macrame 20 great projects to knot","2006-10-21 13:05:00",746.4222,2113702,nanf,"746.4222 G2897M 2002"
0010043643682,576723,"Macrame 20 great projects to knot","2006-10-24 20:15:00",746.4222,2113702,nanf,"746.4222 G2897M 2002"
0010043643682,576723,"Macrame 20 great projects to knot","2006-10-25 10:46:00",746.4222,2113702,nanf,"746.4222 G2897M 2002"
0010043643682,576723,"Macrame 20 great projects to knot","2007-03-13 11:37:00",746.4222,2113702,nanf,"746.4222 G2897M 2002"
0010043643682,576723,"Macrame 20 great projects to knot","2007-03-15 18:21:00",746.4222,2113702,nanf,"746.4222 G2897M 2002"
0010043643682,576723,"Macrame 20 great projects to knot","2007-03-19 12:49:00",746.4222,2113702,nanf,"746.4222 G2897M 2002"
0010043643682,576723,"Macrame 20 great projects to knot","2007-04-15 13:12:00",746.4222,2113702,nanf,"746.4222 G2897M 2002"
0010043643682,576723,"Macrame 20 great projects to knot","2007-04-17 18:18:00",746.4222,2113702,nanf,"746.4222 G2897M 2002"
0010043643682,576723,"Macrame 20 great projects to knot","2007-04-18 13:28:00",746.4222,2113702,nanf,"746.4222 G2897M 2002"
0010043643682,576723,"Macrame 20 great projects to knot","2007-08-22 12:47:00",746.4222,2113702,nanf,"746.4222 G2897M 2002"
0010043643682,576723,"Macrame 20 great projects to knot","2007-10-05 12:01:00",746.4222,2113702,nanf,"746.4222 G2897M 2002"
0010043643682,576723,"Macrame 20 great projects to knot","2007-12-13 16:51:00",746.4222,2113702,nanf,"746.4222 G2897M 2002"
0010043643682,576723,"Macrame 20 great projects to knot","2008-05-08 15:13:00",746.4222,2113702,nanf,"746.4222 G2897M 2002"
0010043643682,576723,"Macrame 20 great projects to knot","2008-05-09 19:43:00",746.4222,2113702,nanf,"746.4222 G2897M 2002"
0010043643682,576723,"Macrame 20 great projects to knot","2008-05-10 12:33:00",746.4222,2113702,nanf,"746.4222 G2897M 2002"
0010043643682,576723,"Macrame 20 great projects to knot","2008-05-20 19:36:00",746.4222,2113702,nanf,"746.4222 G2897M 2002"
0010043643682,576723,"Macrame 20 great projects to knot","2008-11-05 19:27:00",746.4222,2113702,nanf,"746.4222 G2897M 2002"
0010043643682,576723,"Macrame 20 great projects to knot","2009-01-22 16:57:00",746.4222,2113702,nanf,"746.4222 G2897M 2002"
0010043643682,576723,"Macrame 20 great projects to knot","2009-02-10 15:15:00",746.4222,2113702,nanf,"746.4222 G2897M 2002"
0010077281102,4603901,"Macrame 19 great weekend projects","2012-11-12 12:52:00",746.4222,2850126,canew,"746.4222 G2897M 2011"
0010077281102,4603901,"Macrame 19 great weekend projects","2012-12-16 13:08:00",746.4222,2850126,canew,"746.4222 G2897M 2011"
0010077281102,4603901,"Macrame 19 great weekend projects","2013-01-10 14:45:00",746.4222,2850126,canew,"746.4222 G2897M 2011"
0010077281102,4603901,"Macrame 19 great weekend projects","2013-05-06 14:39:00",746.4222,2850126,canf,"746.4222 G2897M 2011"
0010077281102,4603901,"Macrame 19 great weekend projects","2013-07-17 13:29:00",746.4222,2850126,canf,"746.4222 G2897M 2011"
0010077281102,4603901,"Macrame 19 great weekend projects","2013-09-16 14:10:00",746.4222,2850126,canf,"746.4222 G2897M 2011"
0010077281102,4603901,"Macrame 19 great weekend projects","2013-11-15 17:39:00",746.4222,2850126,canf,"746.4222 G2897M 2011"
0010077281102,4603901,"Macrame 19 great weekend projects","2014-04-22 13:38:00",746.4222,2850126,canf,"746.4222 G2897M 2011"
0010077281102,4603901,"Macrame 19 great weekend projects","2014-07-21 15:37:00",746.4222,2850126,canf,"746.4222 G2897M 2011"
0010077281102,4603901,"Macrame 19 great weekend projects","2014-09-17 12:11:00",746.4222,2850126,canf,"746.4222 G2897M 2011"
0010077281102,4603901,"Macrame 19 great weekend projects","2014-11-12 13:24:00",746.4222,2850126,canf,"746.4222 G2897M 2011"
0010077281102,4603901,"Macrame 19 great weekend projects","2015-02-19 14:22:00",746.4222,2850126,canf,"746.4222 G2897M 2011"
0010077281102,4603901,"Macrame 19 great weekend projects","2015-05-03 14:46:00",746.4222,2850126,canf,"746.4222 G2897M 2011"
0010077281102,4603901,"Macrame 19 great weekend projects","2015-05-11 19:40:00",746.4222,2850126,canf,"746.4222 G2897M 2011"
0010077281102,4603901,"Macrame 19 great weekend projects","2015-08-22 16:03:00",746.4222,2850126,canf,"746.4222 G2897M 2011"
0010077281102,4603901,"Macrame 19 great weekend projects","2015-09-14 10:57:00",746.4222,2850126,canf,"746.4222 G2897M 2011"
0010077281102,4603901,"Macrame 19 great weekend projects","2015-11-22 14:41:00",746.4222,2850126,canf,"746.4222 G2897M 2011"
0010077281102,4603901,"Macrame 19 great weekend projects","2016-01-10 15:45:00",746.4222,2850126,canf,"746.4222 G2897M 2011"
0010077281102,4603901,"Macrame 19 great weekend projects","2016-03-11 11:41:00",746.4222,2850126,canf,"746.4222 G2897M 2011"
0010077281102,4603901,"Macrame 19 great weekend projects","2016-04-11 17:54:00",746.4222,2850126,canf,"746.4222 G2897M 2011"
0010077281102,4603901,"Macrame 19 great weekend projects","2016-09-15 11:59:00",746.4222,2850126,canf,"746.4222 G2897M 2011"
0010077281102,4603901,"Macrame 19 great weekend projects","2016-10-25 17:26:00",746.4222,2850126,canf,"746.4222 G2897M 2011"
0010077281102,4603901,"Macrame 19 great weekend projects","2016-12-17 10:12:00",746.4222,2850126,canf,"746.4222 G2897M 2011"
0010077281102,4603901,"Macrame 19 great weekend projects","2017-05-01 17:49:00",746.4222,2850126,canf,"746.4222 G2897M 2011"
0010077281102,4603901,"Macrame 19 great weekend projects","2017-08-12 13:46:00",746.4222,2850126,canf,"746.4222 G2897M 2011"
0010077281102,4603901,"Macrame 19 great weekend projects","2017-10-10 11:33:00",746.4222,2850126,canf,"746.4222 G2897M 2011"
0010077281102,4603901,"Macrame 19 great weekend projects","2017-12-19 15:53:00",746.4222,2850126,canf,"746.4222 G2897M 2011"
0010077281102,4603901,"Macrame 19 great weekend projects","2018-04-27 17:21:00",746.4222,2850126,canf,"746.4222 G2897M 2011"
0010077281102,4603901,"Macrame 19 great weekend projects","2018-08-11 14:38:00",746.4222,2850126,canf,"746.4222 G2897M 2011"
0010077281128,4603902,"Macrame 19 great weekend projects","2013-01-16 17:34:00",746.4222,2850126,nanf,"746.4222 G2897M 2011"
0010077281128,4603902,"Macrame 19 great weekend projects","2013-05-20 18:34:00",746.4222,2850126,nanf,"746.4222 G2897M 2011"
0010077281110,4603903,"Macrame 19 great weekend projects","2013-01-14 18:29:00",746.4222,2850126,nanf,"746.4222 G2897M 2011"
0010077281110,4603903,"Macrame 19 great weekend projects","2013-01-31 19:27:00",746.4222,2850126,nanf,"746.4222 G2897M 2011"
0010077281110,4603903,"Macrame 19 great weekend projects","2013-04-12 15:48:00",746.4222,2850126,nanf,"746.4222 G2897M 2011"
0010077281110,4603903,"Macrame 19 great weekend projects","2013-11-06 12:38:00",746.4222,2850126,nanf,"746.4222 G2897M 2011"
0010077281110,4603903,"Macrame 19 great weekend projects","2014-06-08 15:41:00",746.4222,2850126,nanf,"746.4222 G2897M 2011"
0010077281110,4603903,"Macrame 19 great weekend projects","2015-01-17 11:43:00",746.4222,2850126,nanf,"746.4222 G2897M 2011"
0010077281110,4603903,"Macrame 19 great weekend projects","2015-05-06 12:03:00",746.4222,2850126,nanf,"746.4222 G2897M 2011"
0010077281110,4603903,"Macrame 19 great weekend projects","2015-05-26 12:51:00",746.4222,2850126,nanf,"746.4222 G2897M 2011"
0010077281110,4603903,"Macrame 19 great weekend projects","2016-05-20 17:28:00",746.4222,2850126,nanf,"746.4222 G2897M 2011"
0010077281110,4603903,"Macrame 19 great weekend projects","2016-11-04 17:07:00",746.4222,2850126,nanf,"746.4222 G2897M 2011"
0010077281110,4603903,"Macrame 19 great weekend projects","2016-12-30 17:45:00",746.4222,2850126,nanf,"746.4222 G2897M 2011"
0010077281110,4603903,"Macrame 19 great weekend projects","2017-04-27 15:49:00",746.4222,2850126,nanf,"746.4222 G2897M 2011"
0010077281110,4603903,"Macrame 19 great weekend projects","2017-07-17 15:33:00",746.4222,2850126,nanf,"746.4222 G2897M 2011"
0010077281110,4603903,"Macrame 19 great weekend projects","2017-08-25 15:08:00",746.4222,2850126,nanf,"746.4222 G2897M 2011"
0010077281110,4603903,"Macrame 19 great weekend projects","2018-12-09 14:51:00",746.4222,2850126,nanf,"746.4222 G2897M 2011"
0010077281110,4603903,"Macrame 19 great weekend projects","2019-01-05 13:23:00",746.4222,2850126,nanf,"746.4222 G2897M 2011"
0010077281110,4603903,"Macrame 19 great weekend projects","2019-05-14 10:02:00",746.4222,2850126,nanf,"746.4222 G2897M 2011"
0010077281110,4603903,"Macrame 19 great weekend projects","2019-06-29 16:49:00",746.4222,2850126,nanf,"746.4222 G2897M 2011"
0010077281110,4603903,"Macrame 19 great weekend projects","2019-09-05 18:03:00",746.4222,2850126,nanf,"746.4222 G2897M 2011"
0010077281110,4603903,"Macrame 19 great weekend projects","2019-11-18 15:02:00",746.4222,2850126,nanf,"746.4222 G2897M 2011"
0010077281110,4603903,"Macrame 19 great weekend projects","2020-01-06 13:18:00",746.4222,2850126,nanf,"746.4222 G2897M 2011"
0010077281110,4603903,"Macrame 19 great weekend projects","2020-02-23 13:48:00",746.4222,2850126,nanf,"746.4222 G2897M 2011"
0010077281110,4603903,"Macrame 19 great weekend projects","2020-11-12 09:46:00",746.4222,2850126,nanf,"746.4222 G2897M 2011"
0010077281110,4603903,"Macrame 19 great weekend projects","2021-03-10 11:09:00",746.4222,2850126,nanf,"746.4222 G2897M 2011"
0010077281110,4603903,"Macrame 19 great weekend projects","2021-06-29 10:09:00",746.4222,2850126,nanf,"746.4222 G2897M 2011"
0010077281110,4603903,"Macrame 19 great weekend projects","2022-05-06 15:30:00",746.4222,2850126,nanf,"746.4222 G2897M 2011"
0010077281110,4603903,"Macrame 19 great weekend projects","2023-01-30 17:26:00",746.4222,2850126,nanf,"746.4222 G2897M 2011"
0010077281094,4603904,"Macrame 19 great weekend projects","2013-01-05 15:24:00",746.4222,2850126,nanf,"746.4222 G2897M 2011"
0010077281094,4603904,"Macrame 19 great weekend projects","2013-06-01 15:46:00",746.4222,2850126,nanf,"746.4222 G2897M 2011"
0010077281094,4603904,"Macrame 19 great weekend projects","2013-08-21 15:22:00",746.4222,2850126,nanf,"746.4222 G2897M 2011"
0010077281094,4603904,"Macrame 19 great weekend projects","2013-09-23 17:01:00",746.4222,2850126,nanf,"746.4222 G2897M 2011"
0010077281094,4603904,"Macrame 19 great weekend projects","2014-07-08 18:07:00",746.4222,2850126,nanf,"746.4222 G2897M 2011"
0010077281094,4603904,"Macrame 19 great weekend projects","2014-09-16 11:58:00",746.4222,2850126,nanf,"746.4222 G2897M 2011"
0010077281094,4603904,"Macrame 19 great weekend projects","2015-01-22 14:10:00",746.4222,2850126,nanf,"746.4222 G2897M 2011"
0010077281094,4603904,"Macrame 19 great weekend projects","2015-03-22 16:32:00",746.4222,2850126,nanf,"746.4222 G2897M 2011"
0010077281094,4603904,"Macrame 19 great weekend projects","2015-05-11 19:35:00",746.4222,2850126,nanf,"746.4222 G2897M 2011"
0010077281094,4603904,"Macrame 19 great weekend projects","2015-07-15 16:58:00",746.4222,2850126,nanf,"746.4222 G2897M 2011"
0010077281094,4603904,"Macrame 19 great weekend projects","2016-01-30 17:35:00",746.4222,2850126,nanf,"746.4222 G2897M 2011"
0010077281094,4603904,"Macrame 19 great weekend projects","2016-03-25 12:35:00",746.4222,2850126,nanf,"746.4222 G2897M 2011"
0010077281094,4603904,"Macrame 19 great weekend projects","2016-05-28 16:24:00",746.4222,2850126,nanf,"746.4222 G2897M 2011"
0010077281094,4603904,"Macrame 19 great weekend projects","2017-05-05 17:46:00",746.4222,2850126,nanf,"746.4222 G2897M 2011"
0010077281094,4603904,"Macrame 19 great weekend projects","2017-05-17 17:38:00",746.4222,2850126,nanf,"746.4222 G2897M 2011"
0010077281094,4603904,"Macrame 19 great weekend projects","2017-08-24 16:41:00",746.4222,2850126,nanf,"746.4222 G2897M 2011"
0010077281094,4603904,"Macrame 19 great weekend projects","2018-05-03 13:50:00",746.4222,2850126,nanf,"746.4222 G2897M 2011"
0010077281094,4603904,"Macrame 19 great weekend projects","2018-06-15 11:37:00",746.4222,2850126,nanf,"746.4222 G2897M 2011"
0010077281094,4603904,"Macrame 19 great weekend projects","2018-07-19 19:19:00",746.4222,2850126,nanf,"746.4222 G2897M 2011"
0010077281094,4603904,"Macrame 19 great weekend projects","2019-05-25 12:28:00",746.4222,2850126,nanf,"746.4222 G2897M 2011"
0010077281094,4603904,"Macrame 19 great weekend projects","2019-06-25 13:33:00",746.4222,2850126,nanf,"746.4222 G2897M 2011"
0010077281094,4603904,"Macrame 19 great weekend projects","2019-08-22 15:04:00",746.4222,2850126,nanf,"746.4222 G2897M 2011"
0010077281094,4603904,"Macrame 19 great weekend projects","2019-12-09 13:40:00",746.4222,2850126,nanf,"746.4222 G2897M 2011"
0010077281094,4603904,"Macrame 19 great weekend projects","2019-12-21 17:52:00",746.4222,2850126,nanf,"746.4222 G2897M 2011"
0010077281094,4603904,"Macrame 19 great weekend projects","2020-02-13 12:20:00",746.4222,2850126,nanf,"746.4222 G2897M 2011"
0010077281094,4603904,"Macrame 19 great weekend projects","2020-02-28 13:24:00",746.4222,2850126,nanf,"746.4222 G2897M 2011"
0010077281094,4603904,"Macrame 19 great weekend projects","2020-11-29 09:58:00",746.4222,2850126,nanf,"746.4222 G2897M 2011"
0010077281094,4603904,"Macrame 19 great weekend projects","2021-08-20 13:20:00",746.4222,2850126,nanf,"746.4222 G2897M 2011"
0010077281094,4603904,"Macrame 19 great weekend projects","2022-01-24 12:23:00",746.4222,2850126,nanf,"746.4222 G2897M 2011"
0010077281094,4603904,"Macrame 19 great weekend projects","2022-02-08 17:36:00",746.4222,2850126,nanf,"746.4222 G2897M 2011"
0010077281094,4603904,"Macrame 19 great weekend projects","2022-04-28 09:39:00",746.4222,2850126,nanf,"746.4222 G2897M 2011"
0010077281094,4603904,"Macrame 19 great weekend projects","2022-06-02 19:45:00",746.4222,2850126,nanf,"746.4222 G2897M 2011"
0010077281094,4603904,"Macrame 19 great weekend projects","2022-07-05 16:19:00",746.4222,2850126,nanf,"746.4222 G2897M 2011"
0010077281094,4603904,"Macrame 19 great weekend projects","2022-09-17 14:39:00",746.4222,2850126,nanf,"746.4222 G2897M 2011"
0010077281094,4603904,"Macrame 19 great weekend projects","2022-12-05 14:21:00",746.4222,2850126,nanf,"746.4222 G2897M 2011"
0010077281094,4603904,"Macrame 19 great weekend projects","2023-01-02 16:29:00",746.4222,2850126,nanf,"746.4222 G2897M 2011"
0010077281086,4603905,"Macrame 19 great weekend projects","2013-03-05 15:56:00",746.4222,2850126,nanew,"746.4222 G2897M 2011"
0010077281086,4603905,"Macrame 19 great weekend projects","2013-05-08 18:30:00",746.4222,2850126,nanf,"746.4222 G2897M 2011"
0010077281086,4603905,"Macrame 19 great weekend projects","2013-09-14 16:26:00",746.4222,2850126,nanf,"746.4222 G2897M 2011"
0010077281086,4603905,"Macrame 19 great weekend projects","2013-12-10 18:27:00",746.4222,2850126,nanf,"746.4222 G2897M 2011"
0010077281086,4603905,"Macrame 19 great weekend projects","2014-04-27 13:29:00",746.4222,2850126,nanf,"746.4222 G2897M 2011"
0010077281086,4603905,"Macrame 19 great weekend projects","2014-08-26 14:21:00",746.4222,2850126,nanf,"746.4222 G2897M 2011"
0010077281086,4603905,"Macrame 19 great weekend projects","2015-06-09 19:06:00",746.4222,2850126,nanf,"746.4222 G2897M 2011"
0010077281086,4603905,"Macrame 19 great weekend projects","2016-04-09 16:39:00",746.4222,2850126,nanf,"746.4222 G2897M 2011"
0010077281086,4603905,"Macrame 19 great weekend projects","2016-05-07 12:27:00",746.4222,2850126,nanf,"746.4222 G2897M 2011"
0010077281086,4603905,"Macrame 19 great weekend projects","2016-10-31 19:14:00",746.4222,2850126,nanf,"746.4222 G2897M 2011"
0010077281086,4603905,"Macrame 19 great weekend projects","2016-12-23 12:50:00",746.4222,2850126,nanf,"746.4222 G2897M 2011"
0010077281086,4603905,"Macrame 19 great weekend projects","2017-01-11 13:48:00",746.4222,2850126,nanf,"746.4222 G2897M 2011"
0010077281086,4603905,"Macrame 19 great weekend projects","2017-08-23 13:06:00",746.4222,2850126,nanf,"746.4222 G2897M 2011"
0010077281086,4603905,"Macrame 19 great weekend projects","2018-08-08 12:01:00",746.4222,2850126,nanf,"746.4222 G2897M 2011"
0010077281086,4603905,"Macrame 19 great weekend projects","2018-10-07 14:10:00",746.4222,2850126,nanf,"746.4222 G2897M 2011"
0010077281086,4603905,"Macrame 19 great weekend projects","2018-12-03 13:38:00",746.4222,2850126,nanf,"746.4222 G2897M 2011"
0010077281086,4603905,"Macrame 19 great weekend projects","2019-05-31 12:12:00",746.4222,2850126,nanf,"746.4222 G2897M 2011"
0010077281086,4603905,"Macrame 19 great weekend projects","2019-06-08 15:11:00",746.4222,2850126,nanf,"746.4222 G2897M 2011"
0010077281086,4603905,"Macrame 19 great weekend projects","2019-11-17 15:58:00",746.4222,2850126,nanf,"746.4222 G2897M 2011"
0010077281086,4603905,"Macrame 19 great weekend projects","2019-12-28 17:12:00",746.4222,2850126,nanf,"746.4222 G2897M 2011"
0010077281086,4603905,"Macrame 19 great weekend projects","2020-01-27 16:38:00",746.4222,2850126,nanf,"746.4222 G2897M 2011"
0010077281086,4603905,"Macrame 19 great weekend projects","2020-02-19 16:56:00",746.4222,2850126,nanf,"746.4222 G2897M 2011"
0010077281086,4603905,"Macrame 19 great weekend projects","2020-11-04 14:21:00",746.4222,2850126,nanf,"746.4222 G2897M 2011"
0010077281086,4603905,"Macrame 19 great weekend projects","2021-01-04 10:09:00",746.4222,2850126,nanf,"746.4222 G2897M 2011"
0010077281086,4603905,"Macrame 19 great weekend projects","2021-04-15 10:25:00",746.4222,2850126,nanf,"746.4222 G2897M 2011"
0010077281086,4603905,"Macrame 19 great weekend projects","2021-06-01 10:11:00",746.4222,2850126,nanf,"746.4222 G2897M 2011"
0010077281086,4603905,"Macrame 19 great weekend projects","2021-12-21 12:24:00",746.4222,2850126,nanf,"746.4222 G2897M 2011"
0010077281086,4603905,"Macrame 19 great weekend projects","2022-02-02 11:41:00",746.4222,2850126,nanf,"746.4222 G2897M 2011"
0010077281086,4603905,"Macrame 19 great weekend projects","2022-04-14 14:21:00",746.4222,2850126,nanf,"746.4222 G2897M 2011"
0010077281086,4603905,"Macrame 19 great weekend projects","2022-04-21 18:06:00",746.4222,2850126,nanf,"746.4222 G2897M 2011"
0010077281086,4603905,"Macrame 19 great weekend projects","2022-06-03 09:48:00",746.4222,2850126,nanf,"746.4222 G2897M 2011"
0010077281086,4603905,"Macrame 19 great weekend projects","2022-08-27 11:38:00",746.4222,2850126,nanf,"746.4222 G2897M 2011"
0010077281086,4603905,"Macrame 19 great weekend projects","2022-12-05 19:02:00",746.4222,2850126,nanf,"746.4222 G2897M 2011"
0010077281078,4603906,"Macrame 19 great weekend projects","2012-11-27 16:25:00",746.4222,2850126,nanf,"746.4222 G2897M 2011"
0010077281078,4603906,"Macrame 19 great weekend projects","2013-02-08 14:56:00",746.4222,2850126,nanf,"746.4222 G2897M 2011"
0010077281078,4603906,"Macrame 19 great weekend projects","2014-04-26 17:06:00",746.4222,2850126,nanf,"746.4222 G2897M 2011"
0010077281078,4603906,"Macrame 19 great weekend projects","2014-08-21 17:26:00",746.4222,2850126,nanf,"746.4222 G2897M 2011"
0010077281078,4603906,"Macrame 19 great weekend projects","2014-10-05 14:09:00",746.4222,2850126,nanf,"746.4222 G2897M 2011"
0010077281078,4603906,"Macrame 19 great weekend projects","2015-01-16 13:20:00",746.4222,2850126,nanf,"746.4222 G2897M 2011"
0010077281078,4603906,"Macrame 19 great weekend projects","2015-04-02 16:20:00",746.4222,2850126,nanf,"746.4222 G2897M 2011"
0010077281078,4603906,"Macrame 19 great weekend projects","2015-04-11 16:42:00",746.4222,2850126,nanf,"746.4222 G2897M 2011"
0010077281078,4603906,"Macrame 19 great weekend projects","2015-05-26 19:24:00",746.4222,2850126,nanf,"746.4222 G2897M 2011"
0010050272367,4786348,"ILLM Macrame fashions and furnishings","2013-04-10 14:27:00",,2898848,swill,"FAST ADD"
0010050272367,4786348,"ILLM Macrame fashions and furnishings","2013-04-17 18:38:00",,2898848,swill,"FAST ADD"
0010050132827,5076040,"ILLM Wired micro macrame jewelry enchancing fiber designs with wired","2014-01-14 16:22:00",,2973325,swill,"FAST ADD"
0010050132827,5076040,"ILLM Wired micro macrame jewelry enchancing fiber designs with wired","2014-02-05 15:22:00",,2973325,swill,"FAST ADD"
0010082752444,5185875,"Macrame pattern book includes over 70 knots and small repeat patterns plus projects","2014-09-04 17:43:00",746.4222,3003501,canf,"746.4222 M2449 2013"
0010082752444,5185875,"Macrame pattern book includes over 70 knots and small repeat patterns plus projects","2014-09-17 12:11:00",746.4222,3003501,canf,"746.4222 M2449 2013"
0010082752444,5185875,"Macrame pattern book includes over 70 knots and small repeat patterns plus projects","2014-10-11 16:50:00",746.4222,3003501,canf,"746.4222 M2449 2013"
0010082752444,5185875,"Macrame pattern book includes over 70 knots and small repeat patterns plus projects","2014-11-12 17:56:00",746.4222,3003501,canf,"746.4222 M2449 2013"
0010082752444,5185875,"Macrame pattern book includes over 70 knots and small repeat patterns plus projects","2015-01-05 13:00:00",746.4222,3003501,canf,"746.4222 M2449 2013"
0010082752444,5185875,"Macrame pattern book includes over 70 knots and small repeat patterns plus projects","2015-07-15 13:55:00",746.4222,3003501,canf,"746.4222 M2449 2013"
0010082752444,5185875,"Macrame pattern book includes over 70 knots and small repeat patterns plus projects","2015-09-09 15:32:00",746.4222,3003501,canf,"746.4222 M2449 2013"
0010082752444,5185875,"Macrame pattern book includes over 70 knots and small repeat patterns plus projects","2015-11-06 10:44:00",746.4222,3003501,canf,"746.4222 M2449 2013"
0010082752444,5185875,"Macrame pattern book includes over 70 knots and small repeat patterns plus projects","2015-12-05 12:57:00",746.4222,3003501,canf,"746.4222 M2449 2013"
0010082752444,5185875,"Macrame pattern book includes over 70 knots and small repeat patterns plus projects","2016-02-18 13:01:00",746.4222,3003501,canf,"746.4222 M2449 2013"
0010082752444,5185875,"Macrame pattern book includes over 70 knots and small repeat patterns plus projects","2016-05-14 13:06:00",746.4222,3003501,canf,"746.4222 M2449 2013"
0010082752444,5185875,"Macrame pattern book includes over 70 knots and small repeat patterns plus projects","2016-06-21 14:51:00",746.4222,3003501,canf,"746.4222 M2449 2013"
0010082752444,5185875,"Macrame pattern book includes over 70 knots and small repeat patterns plus projects","2016-07-26 18:04:00",746.4222,3003501,canf,"746.4222 M2449 2013"
0010082752444,5185875,"Macrame pattern book includes over 70 knots and small repeat patterns plus projects","2016-12-10 12:21:00",746.4222,3003501,canf,"746.4222 M2449 2013"
0010082752444,5185875,"Macrame pattern book includes over 70 knots and small repeat patterns plus projects","2017-02-10 17:11:00",746.4222,3003501,canf,"746.4222 M2449 2013"
0010082752444,5185875,"Macrame pattern book includes over 70 knots and small repeat patterns plus projects","2017-03-24 17:04:00",746.4222,3003501,canf,"746.4222 M2449 2013"
0010082752444,5185875,"Macrame pattern book includes over 70 knots and small repeat patterns plus projects","2017-05-25 18:58:00",746.4222,3003501,canf,"746.4222 M2449 2013"
0010082752444,5185875,"Macrame pattern book includes over 70 knots and small repeat patterns plus projects","2017-07-05 11:18:00",746.4222,3003501,canf,"746.4222 M2449 2013"
0010082752444,5185875,"Macrame pattern book includes over 70 knots and small repeat patterns plus projects","2017-08-23 13:12:00",746.4222,3003501,canf,"746.4222 M2449 2013"
0010082752444,5185875,"Macrame pattern book includes over 70 knots and small repeat patterns plus projects","2017-11-18 11:26:00",746.4222,3003501,canf,"746.4222 M2449 2013"
0010082752444,5185875,"Macrame pattern book includes over 70 knots and small repeat patterns plus projects","2018-04-18 19:18:00",746.4222,3003501,canf,"746.4222 M2449 2013"
0010082752451,5185876,"Macrame pattern book includes over 70 knots and small repeat patterns plus projects","2015-06-18 13:45:00",746.4222,3003501,canf,"746.4222 M2449 2013"
0010082752451,5185876,"Macrame pattern book includes over 70 knots and small repeat patterns plus projects","2015-07-08 14:56:00",746.4222,3003501,canf,"746.4222 M2449 2013"
0010082752451,5185876,"Macrame pattern book includes over 70 knots and small repeat patterns plus projects","2015-08-31 14:46:00",746.4222,3003501,canf,"746.4222 M2449 2013"
0010082752451,5185876,"Macrame pattern book includes over 70 knots and small repeat patterns plus projects","2015-10-20 16:42:00",746.4222,3003501,canf,"746.4222 M2449 2013"
0010082752451,5185876,"Macrame pattern book includes over 70 knots and small repeat patterns plus projects","2016-01-06 13:10:00",746.4222,3003501,canf,"746.4222 M2449 2013"
0010082752451,5185876,"Macrame pattern book includes over 70 knots and small repeat patterns plus projects","2016-01-30 17:35:00",746.4222,3003501,canf,"746.4222 M2449 2013"
0010082752451,5185876,"Macrame pattern book includes over 70 knots and small repeat patterns plus projects","2016-03-02 17:17:00",746.4222,3003501,canf,"746.4222 M2449 2013"
0010082752451,5185876,"Macrame pattern book includes over 70 knots and small repeat patterns plus projects","2016-05-03 15:02:00",746.4222,3003501,canf,"746.4222 M2449 2013"
0010082752451,5185876,"Macrame pattern book includes over 70 knots and small repeat patterns plus projects","2016-07-14 15:51:00",746.4222,3003501,canf,"746.4222 M2449 2013"
0010082752451,5185876,"Macrame pattern book includes over 70 knots and small repeat patterns plus projects","2016-09-20 15:36:00",746.4222,3003501,canf,"746.4222 M2449 2013"
0010082752451,5185876,"Macrame pattern book includes over 70 knots and small repeat patterns plus projects","2017-05-23 15:33:00",746.4222,3003501,canf,"746.4222 M2449 2013"
0010082752451,5185876,"Macrame pattern book includes over 70 knots and small repeat patterns plus projects","2017-07-05 14:36:00",746.4222,3003501,canf,"746.4222 M2449 2013"
0010082752451,5185876,"Macrame pattern book includes over 70 knots and small repeat patterns plus projects","2017-10-23 17:38:00",746.4222,3003501,canf,"746.4222 M2449 2013"
0010082752436,5185877,"Macrame pattern book includes over 70 knots and small repeat patterns plus projects","2014-08-03 15:08:00",746.4222,3003501,nanf,"746.4222 M2449 2013"
0010082752436,5185877,"Macrame pattern book includes over 70 knots and small repeat patterns plus projects","2014-08-25 19:22:00",746.4222,3003501,nanf,"746.4222 M2449 2013"
0010082752436,5185877,"Macrame pattern book includes over 70 knots and small repeat patterns plus projects","2014-11-16 14:57:00",746.4222,3003501,nanf,"746.4222 M2449 2013"
0010082752436,5185877,"Macrame pattern book includes over 70 knots and small repeat patterns plus projects","2015-08-04 15:14:00",746.4222,3003501,nanf,"746.4222 M2449 2013"
0010082752436,5185877,"Macrame pattern book includes over 70 knots and small repeat patterns plus projects","2015-12-18 15:14:00",746.4222,3003501,nanf,"746.4222 M2449 2013"
0010082752436,5185877,"Macrame pattern book includes over 70 knots and small repeat patterns plus projects","2016-01-23 16:58:00",746.4222,3003501,nanf,"746.4222 M2449 2013"
0010082752436,5185877,"Macrame pattern book includes over 70 knots and small repeat patterns plus projects","2016-05-28 16:23:00",746.4222,3003501,nanf,"746.4222 M2449 2013"
0010082752436,5185877,"Macrame pattern book includes over 70 knots and small repeat patterns plus projects","2016-10-07 17:10:00",746.4222,3003501,nanf,"746.4222 M2449 2013"
0010082752436,5185877,"Macrame pattern book includes over 70 knots and small repeat patterns plus projects","2017-06-10 12:16:00",746.4222,3003501,nanf,"746.4222 M2449 2013"
0010082752436,5185877,"Macrame pattern book includes over 70 knots and small repeat patterns plus projects","2017-09-05 16:25:00",746.4222,3003501,nanf,"746.4222 M2449 2013"
0010082752436,5185877,"Macrame pattern book includes over 70 knots and small repeat patterns plus projects","2018-05-03 15:45:00",746.4222,3003501,nanf,"746.4222 M2449 2013"
0010082752436,5185877,"Macrame pattern book includes over 70 knots and small repeat patterns plus projects","2018-06-04 15:59:00",746.4222,3003501,nanf,"746.4222 M2449 2013"
0010082752436,5185877,"Macrame pattern book includes over 70 knots and small repeat patterns plus projects","2018-12-09 14:47:00",746.4222,3003501,nanf,"746.4222 M2449 2013"
0010082752436,5185877,"Macrame pattern book includes over 70 knots and small repeat patterns plus projects","2019-01-26 11:37:00",746.4222,3003501,nanf,"746.4222 M2449 2013"
0010082752436,5185877,"Macrame pattern book includes over 70 knots and small repeat patterns plus projects","2019-08-08 17:47:00",746.4222,3003501,nanf,"746.4222 M2449 2013"
0010082752428,5185878,"Macrame pattern book includes over 70 knots and small repeat patterns plus projects","2014-07-19 14:07:00",746.4222,3003501,nanf,"746.4222 M2449 2013"
0010082752428,5185878,"Macrame pattern book includes over 70 knots and small repeat patterns plus projects","2014-10-05 14:05:00",746.4222,3003501,nanf,"746.4222 M2449 2013"
0010082752428,5185878,"Macrame pattern book includes over 70 knots and small repeat patterns plus projects","2014-10-29 12:23:00",746.4222,3003501,nanf,"746.4222 M2449 2013"
0010082752428,5185878,"Macrame pattern book includes over 70 knots and small repeat patterns plus projects","2015-02-17 11:51:00",746.4222,3003501,nanf,"746.4222 M2449 2013"
0010082752428,5185878,"Macrame pattern book includes over 70 knots and small repeat patterns plus projects","2015-05-03 14:45:00",746.4222,3003501,nanf,"746.4222 M2449 2013"
0010082752428,5185878,"Macrame pattern book includes over 70 knots and small repeat patterns plus projects","2015-08-18 19:22:00",746.4222,3003501,nanf,"746.4222 M2449 2013"
0010082752428,5185878,"Macrame pattern book includes over 70 knots and small repeat patterns plus projects","2015-09-15 16:25:00",746.4222,3003501,nanf,"746.4222 M2449 2013"
0010082752428,5185878,"Macrame pattern book includes over 70 knots and small repeat patterns plus projects","2015-11-22 14:42:00",746.4222,3003501,nanf,"746.4222 M2449 2013"
0010082752428,5185878,"Macrame pattern book includes over 70 knots and small repeat patterns plus projects","2016-05-23 18:41:00",746.4222,3003501,nanf,"746.4222 M2449 2013"
0010082752428,5185878,"Macrame pattern book includes over 70 knots and small repeat patterns plus projects","2016-10-25 17:26:00",746.4222,3003501,nanf,"746.4222 M2449 2013"
0010082752428,5185878,"Macrame pattern book includes over 70 knots and small repeat patterns plus projects","2017-03-21 15:56:00",746.4222,3003501,nanf,"746.4222 M2449 2013"
0010082752428,5185878,"Macrame pattern book includes over 70 knots and small repeat patterns plus projects","2017-05-17 17:14:00",746.4222,3003501,nanf,"746.4222 M2449 2013"
0010082752428,5185878,"Macrame pattern book includes over 70 knots and small repeat patterns plus projects","2017-08-28 19:08:00",746.4222,3003501,nanf,"746.4222 M2449 2013"
0010082752428,5185878,"Macrame pattern book includes over 70 knots and small repeat patterns plus projects","2017-09-23 13:19:00",746.4222,3003501,nanf,"746.4222 M2449 2013"
0010082752428,5185878,"Macrame pattern book includes over 70 knots and small repeat patterns plus projects","2017-12-12 17:06:00",746.4222,3003501,nanf,"746.4222 M2449 2013"
0010082752428,5185878,"Macrame pattern book includes over 70 knots and small repeat patterns plus projects","2018-03-22 12:21:00",746.4222,3003501,nanf,"746.4222 M2449 2013"
0010082752428,5185878,"Macrame pattern book includes over 70 knots and small repeat patterns plus projects","2018-04-07 11:25:00",746.4222,3003501,nanf,"746.4222 M2449 2013"
0010082752428,5185878,"Macrame pattern book includes over 70 knots and small repeat patterns plus projects","2018-05-22 14:03:00",746.4222,3003501,nanf,"746.4222 M2449 2013"
0010082752428,5185878,"Macrame pattern book includes over 70 knots and small repeat patterns plus projects","2018-07-12 17:12:00",746.4222,3003501,nanf,"746.4222 M2449 2013"
0010082752428,5185878,"Macrame pattern book includes over 70 knots and small repeat patterns plus projects","2018-08-20 18:20:00",746.4222,3003501,nanf,"746.4222 M2449 2013"
0010082752428,5185878,"Macrame pattern book includes over 70 knots and small repeat patterns plus projects","2018-10-09 13:59:00",746.4222,3003501,nanf,"746.4222 M2449 2013"
0010082752428,5185878,"Macrame pattern book includes over 70 knots and small repeat patterns plus projects","2018-11-19 14:51:00",746.4222,3003501,nanf,"746.4222 M2449 2013"
0010082752428,5185878,"Macrame pattern book includes over 70 knots and small repeat patterns plus projects","2018-12-28 14:03:00",746.4222,3003501,nanf,"746.4222 M2449 2013"
0010082752428,5185878,"Macrame pattern book includes over 70 knots and small repeat patterns plus projects","2019-04-18 15:06:00",746.4222,3003501,nanf,"746.4222 M2449 2013"
0010082752428,5185878,"Macrame pattern book includes over 70 knots and small repeat patterns plus projects","2019-05-15 13:59:00",746.4222,3003501,nanf,"746.4222 M2449 2013"
0010082752428,5185878,"Macrame pattern book includes over 70 knots and small repeat patterns plus projects","2019-06-10 16:36:00",746.4222,3003501,nanf,"746.4222 M2449 2013"
0010082752402,5185879,"Macrame pattern book includes over 70 knots and small repeat patterns plus projects","2014-09-11 14:46:00",746.4222,3003501,nanew,"746.4222 M2449 2013"
0010082752402,5185879,"Macrame pattern book includes over 70 knots and small repeat patterns plus projects","2014-09-17 19:25:00",746.4222,3003501,nanew,"746.4222 M2449 2013"
0010082752402,5185879,"Macrame pattern book includes over 70 knots and small repeat patterns plus projects","2014-11-03 15:45:00",746.4222,3003501,nanew,"746.4222 M2449 2013"
0010082752402,5185879,"Macrame pattern book includes over 70 knots and small repeat patterns plus projects","2014-12-13 15:39:00",746.4222,3003501,nanew,"746.4222 M2449 2013"
0010082752402,5185879,"Macrame pattern book includes over 70 knots and small repeat patterns plus projects","2015-01-05 19:45:00",746.4222,3003501,nanf,"746.4222 M2449 2013"
0010082752402,5185879,"Macrame pattern book includes over 70 knots and small repeat patterns plus projects","2015-03-26 13:46:00",746.4222,3003501,nanf,"746.4222 M2449 2013"
0010082752402,5185879,"Macrame pattern book includes over 70 knots and small repeat patterns plus projects","2015-05-14 19:05:00",746.4222,3003501,nanf,"746.4222 M2449 2013"
0010082752402,5185879,"Macrame pattern book includes over 70 knots and small repeat patterns plus projects","2015-07-28 17:03:00",746.4222,3003501,nanf,"746.4222 M2449 2013"
0010082752402,5185879,"Macrame pattern book includes over 70 knots and small repeat patterns plus projects","2016-01-13 14:48:00",746.4222,3003501,nanf,"746.4222 M2449 2013"
0010082752402,5185879,"Macrame pattern book includes over 70 knots and small repeat patterns plus projects","2016-02-24 14:09:00",746.4222,3003501,nanf,"746.4222 M2449 2013"
0010082752402,5185879,"Macrame pattern book includes over 70 knots and small repeat patterns plus projects","2016-04-26 16:18:00",746.4222,3003501,nanf,"746.4222 M2449 2013"
0010082752402,5185879,"Macrame pattern book includes over 70 knots and small repeat patterns plus projects","2016-05-20 17:25:00",746.4222,3003501,nanf,"746.4222 M2449 2013"
0010082752402,5185879,"Macrame pattern book includes over 70 knots and small repeat patterns plus projects","2016-12-04 15:01:00",746.4222,3003501,nanf,"746.4222 M2449 2013"
0010082752402,5185879,"Macrame pattern book includes over 70 knots and small repeat patterns plus projects","2017-01-22 15:20:00",746.4222,3003501,nanf,"746.4222 M2449 2013"
0010082752402,5185879,"Macrame pattern book includes over 70 knots and small repeat patterns plus projects","2017-04-15 16:36:00",746.4222,3003501,nanf,"746.4222 M2449 2013"
0010082752402,5185879,"Macrame pattern book includes over 70 knots and small repeat patterns plus projects","2017-06-02 17:43:00",746.4222,3003501,nanf,"746.4222 M2449 2013"
0010082752402,5185879,"Macrame pattern book includes over 70 knots and small repeat patterns plus projects","2017-07-03 17:06:00",746.4222,3003501,nanf,"746.4222 M2449 2013"
0010082752402,5185879,"Macrame pattern book includes over 70 knots and small repeat patterns plus projects","2017-08-21 13:34:00",746.4222,3003501,nanf,"746.4222 M2449 2013"
0010082752402,5185879,"Macrame pattern book includes over 70 knots and small repeat patterns plus projects","2017-10-09 13:30:00",746.4222,3003501,nanf,"746.4222 M2449 2013"
0010082752402,5185879,"Macrame pattern book includes over 70 knots and small repeat patterns plus projects","2018-04-02 19:13:00",746.4222,3003501,nanf,"746.4222 M2449 2013"
0010082752402,5185879,"Macrame pattern book includes over 70 knots and small repeat patterns plus projects","2018-05-22 18:46:00",746.4222,3003501,nanf,"746.4222 M2449 2013"
0010082752402,5185879,"Macrame pattern book includes over 70 knots and small repeat patterns plus projects","2018-06-12 18:10:00",746.4222,3003501,nanf,"746.4222 M2449 2013"
0010082752402,5185879,"Macrame pattern book includes over 70 knots and small repeat patterns plus projects","2018-08-08 11:57:00",746.4222,3003501,nanf,"746.4222 M2449 2013"
0010082752402,5185879,"Macrame pattern book includes over 70 knots and small repeat patterns plus projects","2018-11-10 16:44:00",746.4222,3003501,nanf,"746.4222 M2449 2013"
0010082752402,5185879,"Macrame pattern book includes over 70 knots and small repeat patterns plus projects","2018-12-03 13:38:00",746.4222,3003501,nanf,"746.4222 M2449 2013"
0010082752402,5185879,"Macrame pattern book includes over 70 knots and small repeat patterns plus projects","2019-01-08 18:31:00",746.4222,3003501,nanf,"746.4222 M2449 2013"
0010082752410,5185880,"Macrame pattern book includes over 70 knots and small repeat patterns plus projects","2014-09-15 16:23:00",746.4222,3003501,nanf,"746.4222 M2449 2013"
0010082752410,5185880,"Macrame pattern book includes over 70 knots and small repeat patterns plus projects","2014-11-12 13:21:00",746.4222,3003501,nanf,"746.4222 M2449 2013"
0010082752410,5185880,"Macrame pattern book includes over 70 knots and small repeat patterns plus projects","2015-02-20 16:29:00",746.4222,3003501,nanf,"746.4222 M2449 2013"
0010082752410,5185880,"Macrame pattern book includes over 70 knots and small repeat patterns plus projects","2015-06-16 10:51:00",746.4222,3003501,nanf,"746.4222 M2449 2013"
0010082752410,5185880,"Macrame pattern book includes over 70 knots and small repeat patterns plus projects","2016-07-19 17:20:00",746.4222,3003501,nanf,"746.4222 M2449 2013"
0010082752410,5185880,"Macrame pattern book includes over 70 knots and small repeat patterns plus projects","2016-12-23 12:56:00",746.4222,3003501,nanf,"746.4222 M2449 2013"
0010082752410,5185880,"Macrame pattern book includes over 70 knots and small repeat patterns plus projects","2017-05-25 13:35:00",746.4222,3003501,nanf,"746.4222 M2449 2013"
0010082752410,5185880,"Macrame pattern book includes over 70 knots and small repeat patterns plus projects","2017-06-20 13:03:00",746.4222,3003501,nanf,"746.4222 M2449 2013"
0010082752410,5185880,"Macrame pattern book includes over 70 knots and small repeat patterns plus projects","2018-05-14 19:03:00",746.4222,3003501,nanf,"746.4222 M2449 2013"
0010082752410,5185880,"Macrame pattern book includes over 70 knots and small repeat patterns plus projects","2018-06-15 11:35:00",746.4222,3003501,nanf,"746.4222 M2449 2013"
0010082752410,5185880,"Macrame pattern book includes over 70 knots and small repeat patterns plus projects","2018-10-31 14:18:00",746.4222,3003501,nanf,"746.4222 M2449 2013"
0010082752410,5185880,"Macrame pattern book includes over 70 knots and small repeat patterns plus projects","2019-03-21 12:17:00",746.4222,3003501,nanf,"746.4222 M2449 2013"
0010082752410,5185880,"Macrame pattern book includes over 70 knots and small repeat patterns plus projects","2020-01-22 11:29:00",746.4222,3003501,nanf,"746.4222 M2449 2013"
0010082752410,5185880,"Macrame pattern book includes over 70 knots and small repeat patterns plus projects","2020-01-25 16:35:00",746.4222,3003501,nanf,"746.4222 M2449 2013"
0010082752410,5185880,"Macrame pattern book includes over 70 knots and small repeat patterns plus projects","2020-10-03 10:37:00",746.4222,3003501,nanf,"746.4222 M2449 2013"
0010082752410,5185880,"Macrame pattern book includes over 70 knots and small repeat patterns plus projects","2020-12-06 11:08:00",746.4222,3003501,nanf,"746.4222 M2449 2013"
0010082752410,5185880,"Macrame pattern book includes over 70 knots and small repeat patterns plus projects","2021-03-10 09:45:00",746.4222,3003501,nanf,"746.4222 M2449 2013"
0010082752410,5185880,"Macrame pattern book includes over 70 knots and small repeat patterns plus projects","2021-07-02 17:04:00",746.4222,3003501,nanf,"746.4222 M2449 2013"
0010082752410,5185880,"Macrame pattern book includes over 70 knots and small repeat patterns plus projects","2021-11-21 08:51:00",746.4222,3003501,nanf,"746.4222 M2449 2013"
0010082752410,5185880,"Macrame pattern book includes over 70 knots and small repeat patterns plus projects","2022-06-04 10:42:00",746.4222,3003501,nanf,"746.4222 M2449 2013"
0010099672387,7117720,"Macrame pattern book includes over 70 knots and small repeat patterns plus projects","2019-10-22 17:06:00",746.4222,3003501,canf,"746.4222 M2449 2013"
0010099672387,7117720,"Macrame pattern book includes over 70 knots and small repeat patterns plus projects","2019-11-25 16:17:00",746.4222,3003501,canf,"746.4222 M2449 2013"
0010099672387,7117720,"Macrame pattern book includes over 70 knots and small repeat patterns plus projects","2020-01-06 13:20:00",746.4222,3003501,canf,"746.4222 M2449 2013"
0010099672387,7117720,"Macrame pattern book includes over 70 knots and small repeat patterns plus projects","2020-01-13 11:43:00",746.4222,3003501,canf,"746.4222 M2449 2013"
0010099672387,7117720,"Macrame pattern book includes over 70 knots and small repeat patterns plus projects","2020-11-16 10:22:00",746.4222,3003501,canf,"746.4222 M2449 2013"
0010099672387,7117720,"Macrame pattern book includes over 70 knots and small repeat patterns plus projects","2021-01-04 10:09:00",746.4222,3003501,canf,"746.4222 M2449 2013"
0010099672387,7117720,"Macrame pattern book includes over 70 knots and small repeat patterns plus projects","2021-02-25 10:19:00",746.4222,3003501,canf,"746.4222 M2449 2013"
0010099672387,7117720,"Macrame pattern book includes over 70 knots and small repeat patterns plus projects","2021-05-19 09:18:00",746.4222,3003501,canf,"746.4222 M2449 2013"
0010099672387,7117720,"Macrame pattern book includes over 70 knots and small repeat patterns plus projects","2021-09-01 17:16:00",746.4222,3003501,canf,"746.4222 M2449 2013"
0010099672387,7117720,"Macrame pattern book includes over 70 knots and small repeat patterns plus projects","2021-09-18 14:40:00",746.4222,3003501,canf,"746.4222 M2449 2013"
0010099672387,7117720,"Macrame pattern book includes over 70 knots and small repeat patterns plus projects","2021-12-02 11:16:00",746.4222,3003501,canf,"746.4222 M2449 2013"
0010099672387,7117720,"Macrame pattern book includes over 70 knots and small repeat patterns plus projects","2022-03-30 11:56:00",746.4222,3003501,canf,"746.4222 M2449 2013"
0010099672387,7117720,"Macrame pattern book includes over 70 knots and small repeat patterns plus projects","2022-04-28 09:38:00",746.4222,3003501,canf,"746.4222 M2449 2013"
0010099672387,7117720,"Macrame pattern book includes over 70 knots and small repeat patterns plus projects","2022-08-15 12:50:00",746.4222,3003501,canf,"746.4222 M2449 2013"
0010099672387,7117720,"Macrame pattern book includes over 70 knots and small repeat patterns plus projects","2022-12-05 14:19:00",746.4222,3003501,canf,"746.4222 M2449 2013"
0010099672379,7117721,"Macrame pattern book includes over 70 knots and small repeat patterns plus projects","2019-11-06 13:37:00",746.4222,3003501,canf,"746.4222 M2449 2013"
0010099672379,7117721,"Macrame pattern book includes over 70 knots and small repeat patterns plus projects","2019-12-08 16:11:00",746.4222,3003501,canf,"746.4222 M2449 2013"
0010099672379,7117721,"Macrame pattern book includes over 70 knots and small repeat patterns plus projects","2020-01-08 15:05:00",746.4222,3003501,canf,"746.4222 M2449 2013"
0010099672379,7117721,"Macrame pattern book includes over 70 knots and small repeat patterns plus projects","2020-02-29 17:49:00",746.4222,3003501,canf,"746.4222 M2449 2013"
0010099672379,7117721,"Macrame pattern book includes over 70 knots and small repeat patterns plus projects","2020-11-04 10:45:00",746.4222,3003501,canf,"746.4222 M2449 2013"
0010099672379,7117721,"Macrame pattern book includes over 70 knots and small repeat patterns plus projects","2020-12-07 10:31:00",746.4222,3003501,canf,"746.4222 M2449 2013"
0010099672379,7117721,"Macrame pattern book includes over 70 knots and small repeat patterns plus projects","2021-04-11 11:57:00",746.4222,3003501,canf,"746.4222 M2449 2013"
0010099672379,7117721,"Macrame pattern book includes over 70 knots and small repeat patterns plus projects","2021-08-31 10:00:00",746.4222,3003501,canf,"746.4222 M2449 2013"
0010099672379,7117721,"Macrame pattern book includes over 70 knots and small repeat patterns plus projects","2021-12-09 14:04:00",746.4222,3003501,canf,"746.4222 M2449 2013"
0010099672379,7117721,"Macrame pattern book includes over 70 knots and small repeat patterns plus projects","2022-04-14 10:50:00",746.4222,3003501,canf,"746.4222 M2449 2013"
0010099672379,7117721,"Macrame pattern book includes over 70 knots and small repeat patterns plus projects","2022-04-21 18:06:00",746.4222,3003501,canf,"746.4222 M2449 2013"
0010099672379,7117721,"Macrame pattern book includes over 70 knots and small repeat patterns plus projects","2022-06-22 19:39:00",746.4222,3003501,canf,"746.4222 M2449 2013"
0010099672379,7117721,"Macrame pattern book includes over 70 knots and small repeat patterns plus projects","2023-01-20 14:46:00",746.4222,3003501,canf,"746.4222 M2449 2013"
0010099672361,7117722,"Macrame pattern book includes over 70 knots and small repeat patterns plus projects","2019-10-30 13:31:00",746.4222,3003501,nanf,"746.4222 M2449 2013"
0010099672361,7117722,"Macrame pattern book includes over 70 knots and small repeat patterns plus projects","2019-12-28 17:13:00",746.4222,3003501,nanf,"746.4222 M2449 2013"
0010099672361,7117722,"Macrame pattern book includes over 70 knots and small repeat patterns plus projects","2020-02-11 12:43:00",746.4222,3003501,nanf,"746.4222 M2449 2013"
0010099672361,7117722,"Macrame pattern book includes over 70 knots and small repeat patterns plus projects","2021-04-13 10:34:00",746.4222,3003501,nanf,"746.4222 M2449 2013"
0010099672361,7117722,"Macrame pattern book includes over 70 knots and small repeat patterns plus projects","2021-06-18 15:06:00",746.4222,3003501,nanf,"746.4222 M2449 2013"
0010099672361,7117722,"Macrame pattern book includes over 70 knots and small repeat patterns plus projects","2021-07-29 17:31:00",746.4222,3003501,nanf,"746.4222 M2449 2013"
0010099672361,7117722,"Macrame pattern book includes over 70 knots and small repeat patterns plus projects","2021-09-22 11:36:00",746.4222,3003501,nanf,"746.4222 M2449 2013"
0010099672361,7117722,"Macrame pattern book includes over 70 knots and small repeat patterns plus projects","2021-11-24 12:19:00",746.4222,3003501,nanf,"746.4222 M2449 2013"
0010099672361,7117722,"Macrame pattern book includes over 70 knots and small repeat patterns plus projects","2022-04-04 14:09:00",746.4222,3003501,nanf,"746.4222 M2449 2013"
0010099672361,7117722,"Macrame pattern book includes over 70 knots and small repeat patterns plus projects","2022-06-05 11:03:00",746.4222,3003501,nanf,"746.4222 M2449 2013"
0010099672353,7117723,"Macrame pattern book includes over 70 knots and small repeat patterns plus projects","2020-02-11 14:09:00",746.4222,3003501,nanf,"746.4222 M2449 2013"
0010099672353,7117723,"Macrame pattern book includes over 70 knots and small repeat patterns plus projects","2020-08-01 12:08:00",746.4222,3003501,nanf,"746.4222 M2449 2013"
0010099672353,7117723,"Macrame pattern book includes over 70 knots and small repeat patterns plus projects","2021-01-19 09:52:00",746.4222,3003501,nanf,"746.4222 M2449 2013"
0010099672353,7117723,"Macrame pattern book includes over 70 knots and small repeat patterns plus projects","2021-04-02 10:33:00",746.4222,3003501,nanf,"746.4222 M2449 2013"
0010099672353,7117723,"Macrame pattern book includes over 70 knots and small repeat patterns plus projects","2021-04-25 09:52:00",746.4222,3003501,nanf,"746.4222 M2449 2013"
0010099672353,7117723,"Macrame pattern book includes over 70 knots and small repeat patterns plus projects","2021-07-17 12:30:00",746.4222,3003501,nanf,"746.4222 M2449 2013"
0010099672353,7117723,"Macrame pattern book includes over 70 knots and small repeat patterns plus projects","2021-10-04 13:01:00",746.4222,3003501,nanf,"746.4222 M2449 2013"
0010099672353,7117723,"Macrame pattern book includes over 70 knots and small repeat patterns plus projects","2021-12-06 12:31:00",746.4222,3003501,nanf,"746.4222 M2449 2013"
0010099672353,7117723,"Macrame pattern book includes over 70 knots and small repeat patterns plus projects","2022-04-14 14:21:00",746.4222,3003501,nanf,"746.4222 M2449 2013"
0010099672353,7117723,"Macrame pattern book includes over 70 knots and small repeat patterns plus projects","2022-06-03 09:48:00",746.4222,3003501,nanf,"746.4222 M2449 2013"
0010099672353,7117723,"Macrame pattern book includes over 70 knots and small repeat patterns plus projects","2023-01-11 17:26:00",746.4222,3003501,nanf,"746.4222 M2449 2013"
