barcode,itemNumber,title,cout,deweyClass,bibNumber,collcode,callNumber
0000101711653,354125,"Fiber arts macrame crochet wrapping coiling weaving","2006-04-20 18:45:00",746,119652,cs8,"746 M446F"
0000101711653,354125,"Fiber arts macrame crochet wrapping coiling weaving","2006-06-07 17:54:00",746,119652,cs8,"746 M446F"
0000101711653,354125,"Fiber arts macrame crochet wrapping coiling weaving","2007-04-14 15:57:00",746,119652,cs8,"746 M446F"
0000101711653,354125,"Fiber arts macrame crochet wrapping coiling weaving","2007-08-23 11:05:00",746,119652,cs8,"746 M446F"
0000101711653,354125,"Fiber arts macrame crochet wrapping coiling weaving","2007-12-04 16:12:00",746,119652,cs8,"746 M446F"
0000101711653,354125,"Fiber arts macrame crochet wrapping coiling weaving","2008-01-17 16:00:00",746,119652,cs8,"746 M446F"
0000101711653,354125,"Fiber arts macrame crochet wrapping coiling weaving","2008-02-19 13:28:00",746,119652,cs8,"746 M446F"
0000101711653,354125,"Fiber arts macrame crochet wrapping coiling weaving","2008-09-17 11:29:00",746,119652,cs8,"746 M446F"
0000101711653,354125,"Fiber arts macrame crochet wrapping coiling weaving","2008-10-27 15:25:00",746,119652,cs8,"746 M446F"
0000101711653,354125,"Fiber arts macrame crochet wrapping coiling weaving","2008-12-10 15:52:00",746,119652,cs8,"746 M446F"
0000101711653,354125,"Fiber arts macrame crochet wrapping coiling weaving","2009-01-14 17:56:00",746,119652,cs8,"746 M446F"
0000101711653,354125,"Fiber arts macrame crochet wrapping coiling weaving","2009-11-10 18:35:00",746,119652,cs8,"746 M446F"
0000101711653,354125,"Fiber arts macrame crochet wrapping coiling weaving","2011-01-12 13:16:00",746,119652,cs8,"746 M446F"
0000101711653,354125,"Fiber arts macrame crochet wrapping coiling weaving","2011-03-19 17:32:00",746,119652,cs8,"746 M446F"
0000101711653,354125,"Fiber arts macrame crochet wrapping coiling weaving","2011-08-25 17:52:00",746,119652,cs8,"746 M446F"
0000101711653,354125,"Fiber arts macrame crochet wrapping coiling weaving","2012-06-05 14:52:00",746,119652,cs8,"746 M446F"
0000101711653,354125,"Fiber arts macrame crochet wrapping coiling weaving","2012-09-29 12:45:00",746,119652,cs8,"746 M446F"
0000101711653,354125,"Fiber arts macrame crochet wrapping coiling weaving","2013-01-12 12:24:00",746,119652,cs8,"746 M446F"
0000101711653,354125,"Fiber arts macrame crochet wrapping coiling weaving","2013-04-28 13:42:00",746,119652,cs8,"746 M446F"
0000101711653,354125,"Fiber arts macrame crochet wrapping coiling weaving","2013-05-30 19:22:00",746,119652,cs8,"746 M446F"
0000101711653,354125,"Fiber arts macrame crochet wrapping coiling weaving","2013-06-10 13:20:00",746,119652,cs8,"746 M446F"
0000101711653,354125,"Fiber arts macrame crochet wrapping coiling weaving","2013-10-08 14:56:00",746,119652,cs8,"746 M446F"
0000101711653,354125,"Fiber arts macrame crochet wrapping coiling weaving","2014-01-18 12:05:00",746,119652,cs8,"746 M446F"
0000101711653,354125,"Fiber arts macrame crochet wrapping coiling weaving","2014-09-08 12:02:00",746,119652,cs8,"746 M446F"
0000101711653,354125,"Fiber arts macrame crochet wrapping coiling weaving","2014-10-19 13:25:00",746,119652,cs8,"746 M446F"
0000101711653,354125,"Fiber arts macrame crochet wrapping coiling weaving","2014-12-05 10:31:00",746,119652,cs8,"746 M446F"
0010084219012,354125,"Fiber arts macrame crochet wrapping coiling weaving","2015-04-17 11:20:00",746,119652,cs8,"746 M446F"
0010084219012,354125,"Fiber arts macrame crochet wrapping coiling weaving","2015-08-18 19:14:00",746,119652,cs8,"746 M446F"
0010084219012,354125,"Fiber arts macrame crochet wrapping coiling weaving","2015-11-06 12:50:00",746,119652,cs8,"746 M446F"
0010084219012,354125,"Fiber arts macrame crochet wrapping coiling weaving","2016-01-04 14:00:00",746,119652,cs8,"746 M446F"
0010084219012,354125,"Fiber arts macrame crochet wrapping coiling weaving","2016-01-31 13:17:00",746,119652,cs8,"746 M446F"
0010084219012,354125,"Fiber arts macrame crochet wrapping coiling weaving","2016-04-17 14:10:00",746,119652,cs8,"746 M446F"
0010084219012,354125,"Fiber arts macrame crochet wrapping coiling weaving","2016-07-22 10:46:00",746,119652,cs8,"746 M446F"
0010084219012,354125,"Fiber arts macrame crochet wrapping coiling weaving","2016-11-16 19:06:00",746,119652,cs8,"746 M446F"
0010084219012,354125,"Fiber arts macrame crochet wrapping coiling weaving","2016-12-08 11:42:00",746,119652,cs8,"746 M446F"
0010084219012,354125,"Fiber arts macrame crochet wrapping coiling weaving","2016-12-30 17:45:00",746,119652,cs8,"746 M446F"
0010084219012,354125,"Fiber arts macrame crochet wrapping coiling weaving","2017-02-05 14:07:00",746,119652,cs8,"746 M446F"
0010084219012,354125,"Fiber arts macrame crochet wrapping coiling weaving","2017-08-13 14:11:00",746,119652,cs8,"746 M446F"
0010084219012,354125,"Fiber arts macrame crochet wrapping coiling weaving","2018-12-30 14:42:00",746,119652,cs8,"746 M446F"
0010084219012,354125,"Fiber arts macrame crochet wrapping coiling weaving","2019-02-13 18:42:00",746,119652,cs8,"746 M446F"
0010084219012,354125,"Fiber arts macrame crochet wrapping coiling weaving","2019-08-03 10:21:00",746,119652,cs8,"746 M446F"
0010084219012,354125,"Fiber arts macrame crochet wrapping coiling weaving","2019-12-19 17:19:00",746,119652,cs8,"746 M446F"
0010084219012,354125,"Fiber arts macrame crochet wrapping coiling weaving","2020-01-05 16:17:00",746,119652,cs8,"746 M446F"
0010084219012,354125,"Fiber arts macrame crochet wrapping coiling weaving","2020-03-04 15:36:00",746,119652,cs8,"746 M446F"
0010084219012,354125,"Fiber arts macrame crochet wrapping coiling weaving","2020-09-04 17:03:00",746,119652,cs8,"746 M446F"
0010084219012,354125,"Fiber arts macrame crochet wrapping coiling weaving","2020-11-18 16:24:00",746,119652,cs8,"746 M446F"
0010084219012,354125,"Fiber arts macrame crochet wrapping coiling weaving","2021-02-10 15:30:00",746,119652,cs8,"746 M446F"
0010084219012,354125,"Fiber arts macrame crochet wrapping coiling weaving","2021-08-12 17:57:00",746,119652,cs8,"746 M446F"
0010084219012,354125,"Fiber arts macrame crochet wrapping coiling weaving","2021-09-11 13:25:00",746,119652,cs8,"746 M446F"
0000102859790,419862,"Macrame a new look at an ancient art","2006-02-11 11:32:00",746,731126,cs8,"746 Ac569M"
0000102859790,419862,"Macrame a new look at an ancient art","2006-06-18 12:34:00",746,731126,cs8,"746 Ac569M"
0000102859790,419862,"Macrame a new look at an ancient art","2007-04-25 14:58:00",746,731126,cs8,"746 Ac569M"
0000102859790,419862,"Macrame a new look at an ancient art","2007-10-05 10:43:00",746,731126,cs8,"746 Ac569M"
0000102859790,419862,"Macrame a new look at an ancient art","2008-02-27 18:11:00",746,731126,canf,"746 Ac569M"
0000102859790,419862,"Macrame a new look at an ancient art","2008-05-21 18:06:00",746,731126,canf,"746 Ac569M"
0000102859790,419862,"Macrame a new look at an ancient art","2008-09-25 14:03:00",746,731126,canf,"746 Ac569M"
0000102859790,419862,"Macrame a new look at an ancient art","2009-01-14 17:56:00",746,731126,canf,"746 Ac569M"
0000102859790,419862,"Macrame a new look at an ancient art","2009-07-01 15:05:00",746,731126,canf,"746 Ac569M"
0000102859790,419862,"Macrame a new look at an ancient art","2009-08-27 12:28:00",746,731126,canf,"746 Ac569M"
0000102859790,419862,"Macrame a new look at an ancient art","2009-09-22 17:29:00",746,731126,canf,"746 Ac569M"
0000102859790,419862,"Macrame a new look at an ancient art","2010-06-02 12:11:00",746,731126,canf,"746 Ac569M"
0000102859790,419862,"Macrame a new look at an ancient art","2010-09-08 16:23:00",746,731126,canf,"746 Ac569M"
0000102859790,419862,"Macrame a new look at an ancient art","2010-10-15 17:13:00",746,731126,canf,"746 Ac569M"
0000102859790,419862,"Macrame a new look at an ancient art","2011-02-20 17:49:00",746,731126,canf,"746 Ac569M"
0000102859790,419862,"Macrame a new look at an ancient art","2011-07-11 17:05:00",746,731126,canf,"746 Ac569M"
0000102859790,419862,"Macrame a new look at an ancient art","2012-02-10 14:58:00",746,731126,canf,"746 Ac569M"
0000102859790,419862,"Macrame a new look at an ancient art","2012-06-05 12:42:00",746,731126,canf,"746 Ac569M"
0000102859790,419862,"Macrame a new look at an ancient art","2012-07-26 11:41:00",746,731126,canf,"746 Ac569M"
0000102859790,419862,"Macrame a new look at an ancient art","2012-10-16 11:59:00",746,731126,canf,"746 Ac569M"
0000102859790,419862,"Macrame a new look at an ancient art","2013-01-25 18:01:00",746,731126,canf,"746 Ac569M"
0000102859790,419862,"Macrame a new look at an ancient art","2013-02-24 13:31:00",746,731126,canf,"746 Ac569M"
0000102859790,419862,"Macrame a new look at an ancient art","2013-03-10 14:56:00",746,731126,canf,"746 Ac569M"
0000102859790,419862,"Macrame a new look at an ancient art","2013-04-11 14:13:00",746,731126,canf,"746 Ac569M"
0000102859790,419862,"Macrame a new look at an ancient art","2013-05-31 13:07:00",746,731126,canf,"746 Ac569M"
0000102859790,419862,"Macrame a new look at an ancient art","2013-07-05 12:09:00",746,731126,canf,"746 Ac569M"
0000102859790,419862,"Macrame a new look at an ancient art","2013-08-03 14:00:00",746,731126,canf,"746 Ac569M"
0000102859790,419862,"Macrame a new look at an ancient art","2013-08-22 19:28:00",746,731126,canf,"746 Ac569M"
0000102859790,419862,"Macrame a new look at an ancient art","2013-10-08 19:02:00",746,731126,canf,"746 Ac569M"
0000102859790,419862,"Macrame a new look at an ancient art","2013-10-16 13:06:00",746,731126,canf,"746 Ac569M"
0000102859790,419862,"Macrame a new look at an ancient art","2013-10-29 17:58:00",746,731126,canf,"746 Ac569M"
0000102859790,419862,"Macrame a new look at an ancient art","2013-11-24 13:14:00",746,731126,canf,"746 Ac569M"
0000102859790,419862,"Macrame a new look at an ancient art","2014-04-03 17:01:00",746,731126,canf,"746 Ac569M"
0000102859790,419862,"Macrame a new look at an ancient art","2014-05-27 11:38:00",746,731126,canf,"746 Ac569M"
0000102859790,419862,"Macrame a new look at an ancient art","2014-07-22 18:59:00",746,731126,canf,"746 Ac569M"
0000102859790,419862,"Macrame a new look at an ancient art","2014-08-26 13:32:00",746,731126,canf,"746 Ac569M"
0000102859790,419862,"Macrame a new look at an ancient art","2014-10-06 17:46:00",746,731126,canf,"746 Ac569M"
0000102859790,419862,"Macrame a new look at an ancient art","2014-11-17 16:40:00",746,731126,canf,"746 Ac569M"
0000102859790,419862,"Macrame a new look at an ancient art","2015-02-17 17:49:00",746,731126,canf,"746 Ac569M"
0000102859790,419862,"Macrame a new look at an ancient art","2015-05-08 10:23:00",746,731126,canf,"746 Ac569M"
0000102859790,419862,"Macrame a new look at an ancient art","2015-06-03 14:31:00",746,731126,canf,"746 Ac569M"
0000102859790,419862,"Macrame a new look at an ancient art","2015-06-26 17:23:00",746,731126,canf,"746 Ac569M"
0000102859790,419862,"Macrame a new look at an ancient art","2015-09-04 14:18:00",746,731126,canf,"746 Ac569M"
0000102859790,419862,"Macrame a new look at an ancient art","2015-10-07 11:29:00",746,731126,canf,"746 Ac569M"
0000102859790,419862,"Macrame a new look at an ancient art","2016-12-03 14:11:00",746,731126,canf,"746 Ac569M"
0000102859790,419862,"Macrame a new look at an ancient art","2017-03-21 16:03:00",746,731126,canf,"746 Ac569M"
0000102859790,419862,"Macrame a new look at an ancient art","2017-05-08 16:42:00",746,731126,canf,"746 Ac569M"
0000102859790,419862,"Macrame a new look at an ancient art","2017-07-10 13:18:00",746,731126,cs8,"746 Ac569M"
0000102859790,419862,"Macrame a new look at an ancient art","2017-08-13 14:11:00",746,731126,cs8,"746 Ac569M"
0000102859790,419862,"Macrame a new look at an ancient art","2018-04-20 17:12:00",746,731126,cs8,"746 Ac569M"
0000102859790,419862,"Macrame a new look at an ancient art","2018-12-16 16:21:00",746,731126,cs8,"746 Ac569M"
0000102859790,419862,"Macrame a new look at an ancient art","2018-12-28 14:33:00",746,731126,cs8,"746 Ac569M"
0000102859790,419862,"Macrame a new look at an ancient art","2019-03-29 17:15:00",746,731126,cs8,"746 Ac569M"
0000102859790,419862,"Macrame a new look at an ancient art","2019-06-07 11:23:00",746,731126,cs8,"746 Ac569M"
0000102859790,419862,"Macrame a new look at an ancient art","2019-06-29 12:24:00",746,731126,cs8,"746 Ac569M"
0010097213648,419862,"Macrame a new look at an ancient art","2019-11-04 13:40:00",746,731126,cs8,"746 Ac569M"
0010097213648,419862,"Macrame a new look at an ancient art","2019-12-11 14:03:00",746,731126,cs8,"746 Ac569M"
0010097213648,419862,"Macrame a new look at an ancient art","2019-12-29 14:39:00",746,731126,cs8,"746 Ac569M"
0010097213648,419862,"Macrame a new look at an ancient art","2020-01-19 16:16:00",746,731126,cs8,"746 Ac569M"
0010097213648,419862,"Macrame a new look at an ancient art","2020-11-14 13:56:00",746,731126,cs8,"746 Ac569M"
0010097213648,419862,"Macrame a new look at an ancient art","2021-11-08 10:26:00",746,731126,cs8,"746 Ac569M"
0010097213648,419862,"Macrame a new look at an ancient art","2022-02-22 17:38:00",746,731126,cs8,"746 Ac569M"
0010097213648,419862,"Macrame a new look at an ancient art","2022-04-13 17:26:00",746,731126,cs8,"746 Ac569M"
0000100806256,420712,"Far beyond the fringe three dimensional knotting techniques using macrame nautical ropework","2006-05-23 19:20:00",746,707238,canf,"746 An245F"
0000100806256,420712,"Far beyond the fringe three dimensional knotting techniques using macrame nautical ropework","2006-10-18 18:38:00",746,707238,canf,"746 An245F"
0000100806256,420712,"Far beyond the fringe three dimensional knotting techniques using macrame nautical ropework","2007-03-22 19:02:00",746,707238,canf,"746 An245F"
0000100806256,420712,"Far beyond the fringe three dimensional knotting techniques using macrame nautical ropework","2007-07-23 15:52:00",746,707238,canf,"746 An245F"
0000100806256,420712,"Far beyond the fringe three dimensional knotting techniques using macrame nautical ropework","2007-10-09 19:33:00",746,707238,canf,"746 An245F"
0000100806256,420712,"Far beyond the fringe three dimensional knotting techniques using macrame nautical ropework","2008-04-03 11:21:00",746,707238,canf,"746 An245F"
0000100806256,420712,"Far beyond the fringe three dimensional knotting techniques using macrame nautical ropework","2008-09-11 19:54:00",746,707238,canf,"746 An245F"
0000100806256,420712,"Far beyond the fringe three dimensional knotting techniques using macrame nautical ropework","2009-01-05 17:37:00",746,707238,canf,"746 An245F"
0000100806256,420712,"Far beyond the fringe three dimensional knotting techniques using macrame nautical ropework","2009-01-21 15:10:00",746,707238,canf,"746 An245F"
0000100806256,420712,"Far beyond the fringe three dimensional knotting techniques using macrame nautical ropework","2009-07-03 15:19:00",746,707238,canf,"746 An245F"
0000100806256,420712,"Far beyond the fringe three dimensional knotting techniques using macrame nautical ropework","2009-08-26 13:22:00",746,707238,canf,"746 An245F"
0000100806256,420712,"Far beyond the fringe three dimensional knotting techniques using macrame nautical ropework","2009-09-23 10:58:00",746,707238,canf,"746 An245F"
0000100806256,420712,"Far beyond the fringe three dimensional knotting techniques using macrame nautical ropework","2009-10-05 15:44:00",746,707238,canf,"746 An245F"
0000100806256,420712,"Far beyond the fringe three dimensional knotting techniques using macrame nautical ropework","2009-10-25 14:44:00",746,707238,canf,"746 An245F"
0000100806256,420712,"Far beyond the fringe three dimensional knotting techniques using macrame nautical ropework","2009-11-25 13:39:00",746,707238,canf,"746 An245F"
0000100806256,420712,"Far beyond the fringe three dimensional knotting techniques using macrame nautical ropework","2010-02-21 16:20:00",746,707238,canf,"746 An245F"
0000100806256,420712,"Far beyond the fringe three dimensional knotting techniques using macrame nautical ropework","2010-06-13 13:57:00",746,707238,canf,"746 An245F"
0000100806256,420712,"Far beyond the fringe three dimensional knotting techniques using macrame nautical ropework","2010-07-22 15:46:00",746,707238,canf,"746 An245F"
0000100806256,420712,"Far beyond the fringe three dimensional knotting techniques using macrame nautical ropework","2010-09-20 19:08:00",746,707238,canf,"746 An245F"
0000100806256,420712,"Far beyond the fringe three dimensional knotting techniques using macrame nautical ropework","2010-10-15 17:12:00",746,707238,canf,"746 An245F"
0000100806256,420712,"Far beyond the fringe three dimensional knotting techniques using macrame nautical ropework","2011-02-20 17:49:00",746,707238,canf,"746 An245F"
0000100806256,420712,"Far beyond the fringe three dimensional knotting techniques using macrame nautical ropework","2011-08-25 17:52:00",746,707238,canf,"746 An245F"
0000100806256,420712,"Far beyond the fringe three dimensional knotting techniques using macrame nautical ropework","2011-11-10 10:33:00",746,707238,canf,"746 An245F"
0000100806256,420712,"Far beyond the fringe three dimensional knotting techniques using macrame nautical ropework","2012-01-09 18:32:00",746,707238,canf,"746 An245F"
0000100806256,420712,"Far beyond the fringe three dimensional knotting techniques using macrame nautical ropework","2012-02-28 13:35:00",746,707238,canf,"746 An245F"
0000100806256,420712,"Far beyond the fringe three dimensional knotting techniques using macrame nautical ropework","2012-06-29 14:49:00",746,707238,canf,"746 An245F"
0000100806256,420712,"Far beyond the fringe three dimensional knotting techniques using macrame nautical ropework","2012-07-26 11:37:00",746,707238,canf,"746 An245F"
0000100806256,420712,"Far beyond the fringe three dimensional knotting techniques using macrame nautical ropework","2013-03-10 14:56:00",746,707238,canf,"746 An245F"
0000100806256,420712,"Far beyond the fringe three dimensional knotting techniques using macrame nautical ropework","2013-10-16 17:19:00",746,707238,canf,"746 An245F"
0000100806256,420712,"Far beyond the fringe three dimensional knotting techniques using macrame nautical ropework","2013-11-08 13:54:00",746,707238,canf,"746 An245F"
0000100806256,420712,"Far beyond the fringe three dimensional knotting techniques using macrame nautical ropework","2014-11-04 14:13:00",746,707238,canf,"746 An245F"
0000100806256,420712,"Far beyond the fringe three dimensional knotting techniques using macrame nautical ropework","2014-12-05 10:31:00",746,707238,canf,"746 An245F"
0000100806256,420712,"Far beyond the fringe three dimensional knotting techniques using macrame nautical ropework","2015-02-18 12:49:00",746,707238,canf,"746 An245F"
0000100806256,420712,"Far beyond the fringe three dimensional knotting techniques using macrame nautical ropework","2015-07-15 15:46:00",746,707238,canf,"746 An245F"
0000100806256,420712,"Far beyond the fringe three dimensional knotting techniques using macrame nautical ropework","2015-11-06 12:50:00",746,707238,canf,"746 An245F"
0000100806256,420712,"Far beyond the fringe three dimensional knotting techniques using macrame nautical ropework","2016-01-04 14:00:00",746,707238,canf,"746 An245F"
0000100806256,420712,"Far beyond the fringe three dimensional knotting techniques using macrame nautical ropework","2016-06-22 16:12:00",746,707238,canf,"746 An245F"
0000100806256,420712,"Far beyond the fringe three dimensional knotting techniques using macrame nautical ropework","2016-09-17 15:56:00",746,707238,canf,"746 An245F"
0000100806256,420712,"Far beyond the fringe three dimensional knotting techniques using macrame nautical ropework","2016-12-03 14:11:00",746,707238,canf,"746 An245F"
0000100806256,420712,"Far beyond the fringe three dimensional knotting techniques using macrame nautical ropework","2017-01-06 15:04:00",746,707238,canf,"746 An245F"
0000100806256,420712,"Far beyond the fringe three dimensional knotting techniques using macrame nautical ropework","2017-02-21 14:05:00",746,707238,canf,"746 An245F"
0000100806256,420712,"Far beyond the fringe three dimensional knotting techniques using macrame nautical ropework","2017-03-21 16:03:00",746,707238,canf,"746 An245F"
0000100806256,420712,"Far beyond the fringe three dimensional knotting techniques using macrame nautical ropework","2017-06-14 13:41:00",746,707238,canf,"746 An245F"
0000100806256,420712,"Far beyond the fringe three dimensional knotting techniques using macrame nautical ropework","2017-07-10 15:38:00",746,707238,canf,"746 An245F"
0000100806256,420712,"Far beyond the fringe three dimensional knotting techniques using macrame nautical ropework","2017-08-02 13:24:00",746,707238,canf,"746 An245F"
0000100806256,420712,"Far beyond the fringe three dimensional knotting techniques using macrame nautical ropework","2017-09-03 16:23:00",746,707238,canf,"746 An245F"
0000100806256,420712,"Far beyond the fringe three dimensional knotting techniques using macrame nautical ropework","2017-10-11 14:14:00",746,707238,canf,"746 An245F"
0000100806256,420712,"Far beyond the fringe three dimensional knotting techniques using macrame nautical ropework","2017-10-28 12:22:00",746,707238,canf,"746 An245F"
0000100806256,420712,"Far beyond the fringe three dimensional knotting techniques using macrame nautical ropework","2018-08-14 17:58:00",746,707238,canf,"746 An245F"
0010097215262,420712,"Far beyond the fringe three dimensional knotting techniques using macrame nautical ropework","2020-02-10 14:49:00",746,707238,canf,"746 An245F"
0010097215262,420712,"Far beyond the fringe three dimensional knotting techniques using macrame nautical ropework","2021-08-22 16:52:00",746,707238,canf,"746 An245F"
0010097215262,420712,"Far beyond the fringe three dimensional knotting techniques using macrame nautical ropework","2022-03-25 13:14:00",746,707238,canf,"746 An245F"
0010043643260,573075,"Macrame 20 great projects to knot","2006-01-30 19:37:00",746.4222,2113702,nanf,"746.4222 G2897M 2002"
0010043643260,573075,"Macrame 20 great projects to knot","2006-03-06 16:34:00",746.4222,2113702,nanf,"746.4222 G2897M 2002"
0010043643260,573075,"Macrame 20 great projects to knot","2006-05-26 17:49:00",746.4222,2113702,nanf,"746.4222 G2897M 2002"
0010043643260,573075,"Macrame 20 great projects to knot","2006-10-04 11:52:00",746.4222,2113702,nanf,"746.4222 G2897M 2002"
0010043643260,573075,"Macrame 20 great projects to knot","2007-07-09 18:44:00",746.4222,2113702,nanf,"746.4222 G2897M 2002"
0010043643260,573075,"Macrame 20 great projects to knot","2007-08-16 08:49:00",746.4222,2113702,nanf,"746.4222 G2897M 2002"
0010043643260,573075,"Macrame 20 great projects to knot","2007-12-04 16:12:00",746.4222,2113702,nanf,"746.4222 G2897M 2002"
0010043643260,573075,"Macrame 20 great projects to knot","2008-02-13 17:14:00",746.4222,2113702,nanf,"746.4222 G2897M 2002"
0010043643260,573075,"Macrame 20 great projects to knot","2008-05-13 16:32:00",746.4222,2113702,nanf,"746.4222 G2897M 2002"
0010043643260,573075,"Macrame 20 great projects to knot","2008-08-28 11:14:00",746.4222,2113702,nanf,"746.4222 G2897M 2002"
0010043643260,573075,"Macrame 20 great projects to knot","2008-09-25 16:49:00",746.4222,2113702,nanf,"746.4222 G2897M 2002"
0010043643260,573075,"Macrame 20 great projects to knot","2008-10-09 17:42:00",746.4222,2113702,nanf,"746.4222 G2897M 2002"
0010043643260,573075,"Macrame 20 great projects to knot","2009-07-03 17:52:00",746.4222,2113702,nanf,"746.4222 G2897M 2002"
0010043643260,573075,"Macrame 20 great projects to knot","2009-08-26 17:22:00",746.4222,2113702,nanf,"746.4222 G2897M 2002"
0010043643260,573075,"Macrame 20 great projects to knot","2009-11-12 11:14:00",746.4222,2113702,nanf,"746.4222 G2897M 2002"
0010043643260,573075,"Macrame 20 great projects to knot","2009-11-24 15:29:00",746.4222,2113702,nanf,"746.4222 G2897M 2002"
0010043643260,573075,"Macrame 20 great projects to knot","2010-01-22 16:43:00",746.4222,2113702,nanf,"746.4222 G2897M 2002"
0010043643260,573075,"Macrame 20 great projects to knot","2010-01-27 12:11:00",746.4222,2113702,nanf,"746.4222 G2897M 2002"
0010043643260,573075,"Macrame 20 great projects to knot","2010-02-02 17:37:00",746.4222,2113702,nanf,"746.4222 G2897M 2002"
0010043643260,573075,"Macrame 20 great projects to knot","2010-03-22 17:07:00",746.4222,2113702,nanf,"746.4222 G2897M 2002"
0010043643260,573075,"Macrame 20 great projects to knot","2010-09-14 10:10:00",746.4222,2113702,nanf,"746.4222 G2897M 2002"
0010043643260,573075,"Macrame 20 great projects to knot","2010-09-25 13:44:00",746.4222,2113702,nanf,"746.4222 G2897M 2002"
0010043643260,573075,"Macrame 20 great projects to knot","2010-11-27 14:14:00",746.4222,2113702,nanf,"746.4222 G2897M 2002"
0010043643260,573075,"Macrame 20 great projects to knot","2011-03-14 16:02:00",746.4222,2113702,nanf,"746.4222 G2897M 2002"
0010043643260,573075,"Macrame 20 great projects to knot","2011-06-09 17:16:00",746.4222,2113702,canf,"746.4222 G2897M 2002"
0010043643260,573075,"Macrame 20 great projects to knot","2011-07-07 15:26:00",746.4222,2113702,canf,"746.4222 G2897M 2002"
0010043643260,573075,"Macrame 20 great projects to knot","2011-08-12 17:05:00",746.4222,2113702,canf,"746.4222 G2897M 2002"
0010043643260,573075,"Macrame 20 great projects to knot","2011-09-21 16:48:00",746.4222,2113702,canf,"746.4222 G2897M 2002"
0010043643260,573075,"Macrame 20 great projects to knot","2011-09-28 18:34:00",746.4222,2113702,canf,"746.4222 G2897M 2002"
0010043643260,573075,"Macrame 20 great projects to knot","2011-10-26 17:19:00",746.4222,2113702,canf,"746.4222 G2897M 2002"
0010043643260,573075,"Macrame 20 great projects to knot","2011-11-22 14:02:00",746.4222,2113702,canf,"746.4222 G2897M 2002"
0010043643260,573075,"Macrame 20 great projects to knot","2011-12-09 12:57:00",746.4222,2113702,canf,"746.4222 G2897M 2002"
0010043643260,573075,"Macrame 20 great projects to knot","2012-01-03 13:37:00",746.4222,2113702,canf,"746.4222 G2897M 2002"
0010043643260,573075,"Macrame 20 great projects to knot","2012-02-10 14:58:00",746.4222,2113702,canf,"746.4222 G2897M 2002"
0010043643260,573075,"Macrame 20 great projects to knot","2012-03-06 13:17:00",746.4222,2113702,canf,"746.4222 G2897M 2002"
0010043643260,573075,"Macrame 20 great projects to knot","2012-03-15 11:49:00",746.4222,2113702,canf,"746.4222 G2897M 2002"
0010043643260,573075,"Macrame 20 great projects to knot","2012-06-05 14:52:00",746.4222,2113702,canf,"746.4222 G2897M 2002"
0010043643260,573075,"Macrame 20 great projects to knot","2012-06-25 12:26:00",746.4222,2113702,canf,"746.4222 G2897M 2002"
0010043643260,573075,"Macrame 20 great projects to knot","2012-08-07 17:19:00",746.4222,2113702,canf,"746.4222 G2897M 2002"
0010043643260,573075,"Macrame 20 great projects to knot","2012-09-17 11:32:00",746.4222,2113702,canf,"746.4222 G2897M 2002"
0010043643260,573075,"Macrame 20 great projects to knot","2012-10-16 15:59:00",746.4222,2113702,canf,"746.4222 G2897M 2002"
0010043643260,573075,"Macrame 20 great projects to knot","2012-11-27 18:45:00",746.4222,2113702,canf,"746.4222 G2897M 2002"
0010043643260,573075,"Macrame 20 great projects to knot","2012-12-15 13:34:00",746.4222,2113702,canf,"746.4222 G2897M 2002"
0010043643260,573075,"Macrame 20 great projects to knot","2013-01-25 18:01:00",746.4222,2113702,canf,"746.4222 G2897M 2002"
0010043643260,573075,"Macrame 20 great projects to knot","2013-04-29 17:40:00",746.4222,2113702,canf,"746.4222 G2897M 2002"
0010043643260,573075,"Macrame 20 great projects to knot","2013-05-26 13:11:00",746.4222,2113702,canf,"746.4222 G2897M 2002"
0010043643260,573075,"Macrame 20 great projects to knot","2013-05-31 13:07:00",746.4222,2113702,canf,"746.4222 G2897M 2002"
0010043643260,573075,"Macrame 20 great projects to knot","2013-09-17 17:42:00",746.4222,2113702,canf,"746.4222 G2897M 2002"
0010043643260,573075,"Macrame 20 great projects to knot","2013-10-11 16:21:00",746.4222,2113702,canf,"746.4222 G2897M 2002"
0010043643260,573075,"Macrame 20 great projects to knot","2013-10-16 17:21:00",746.4222,2113702,canf,"746.4222 G2897M 2002"
0010043643260,573075,"Macrame 20 great projects to knot","2013-11-08 13:54:00",746.4222,2113702,canf,"746.4222 G2897M 2002"
0010043643260,573075,"Macrame 20 great projects to knot","2014-01-25 15:07:00",746.4222,2113702,canf,"746.4222 G2897M 2002"
0010043643260,573075,"Macrame 20 great projects to knot","2014-03-04 17:58:00",746.4222,2113702,canf,"746.4222 G2897M 2002"
0010043643260,573075,"Macrame 20 great projects to knot","2014-03-25 13:20:00",746.4222,2113702,canf,"746.4222 G2897M 2002"
0010043643260,573075,"Macrame 20 great projects to knot","2014-04-27 16:21:00",746.4222,2113702,canf,"746.4222 G2897M 2002"
0010043643260,573075,"Macrame 20 great projects to knot","2014-07-22 13:00:00",746.4222,2113702,canf,"746.4222 G2897M 2002"
0010043643260,573075,"Macrame 20 great projects to knot","2014-08-24 15:30:00",746.4222,2113702,canf,"746.4222 G2897M 2002"
0010043643260,573075,"Macrame 20 great projects to knot","2014-10-03 17:46:00",746.4222,2113702,canf,"746.4222 G2897M 2002"
0010043643260,573075,"Macrame 20 great projects to knot","2014-11-24 16:07:00",746.4222,2113702,canf,"746.4222 G2897M 2002"
0010043643260,573075,"Macrame 20 great projects to knot","2014-12-22 10:42:00",746.4222,2113702,canf,"746.4222 G2897M 2002"
0010043643260,573075,"Macrame 20 great projects to knot","2015-01-16 13:28:00",746.4222,2113702,canf,"746.4222 G2897M 2002"
0010043643260,573075,"Macrame 20 great projects to knot","2015-02-23 18:00:00",746.4222,2113702,canf,"746.4222 G2897M 2002"
0010043643260,573075,"Macrame 20 great projects to knot","2015-04-02 15:54:00",746.4222,2113702,canf,"746.4222 G2897M 2002"
0010043643260,573075,"Macrame 20 great projects to knot","2015-05-11 17:47:00",746.4222,2113702,canf,"746.4222 G2897M 2002"
0010043643260,573075,"Macrame 20 great projects to knot","2015-07-11 14:02:00",746.4222,2113702,canf,"746.4222 G2897M 2002"
0010043643260,573075,"Macrame 20 great projects to knot","2015-08-30 14:54:00",746.4222,2113702,canf,"746.4222 G2897M 2002"
0010043643260,573075,"Macrame 20 great projects to knot","2015-09-21 10:53:00",746.4222,2113702,canf,"746.4222 G2897M 2002"
0010043643260,573075,"Macrame 20 great projects to knot","2015-11-12 16:36:00",746.4222,2113702,canf,"746.4222 G2897M 2002"
0010043643260,573075,"Macrame 20 great projects to knot","2015-12-26 13:16:00",746.4222,2113702,canf,"746.4222 G2897M 2002"
0010043643260,573075,"Macrame 20 great projects to knot","2016-02-12 16:30:00",746.4222,2113702,canf,"746.4222 G2897M 2002"
0010043643260,573075,"Macrame 20 great projects to knot","2016-04-26 13:46:00",746.4222,2113702,canf,"746.4222 G2897M 2002"
0010043643260,573075,"Macrame 20 great projects to knot","2016-07-22 10:46:00",746.4222,2113702,canf,"746.4222 G2897M 2002"
0010043643260,573075,"Macrame 20 great projects to knot","2016-09-30 12:18:00",746.4222,2113702,canf,"746.4222 G2897M 2002"
0010043643260,573075,"Macrame 20 great projects to knot","2016-11-01 15:55:00",746.4222,2113702,canf,"746.4222 G2897M 2002"
0010043643260,573075,"Macrame 20 great projects to knot","2016-11-16 19:06:00",746.4222,2113702,canf,"746.4222 G2897M 2002"
0010043643260,573075,"Macrame 20 great projects to knot","2016-12-08 11:42:00",746.4222,2113702,canf,"746.4222 G2897M 2002"
0010043643260,573075,"Macrame 20 great projects to knot","2017-03-22 10:07:00",746.4222,2113702,canf,"746.4222 G2897M 2002"
0010043643260,573075,"Macrame 20 great projects to knot","2017-05-08 16:42:00",746.4222,2113702,canf,"746.4222 G2897M 2002"
0010043643260,573075,"Macrame 20 great projects to knot","2017-06-06 11:22:00",746.4222,2113702,canf,"746.4222 G2897M 2002"
0010043643260,573075,"Macrame 20 great projects to knot","2017-06-14 13:41:00",746.4222,2113702,canf,"746.4222 G2897M 2002"
0010043643260,573075,"Macrame 20 great projects to knot","2017-07-31 17:57:00",746.4222,2113702,canf,"746.4222 G2897M 2002"
0010043643260,573075,"Macrame 20 great projects to knot","2017-08-30 17:54:00",746.4222,2113702,canf,"746.4222 G2897M 2002"
0010043643260,573075,"Macrame 20 great projects to knot","2017-12-05 13:58:00",746.4222,2113702,canf,"746.4222 G2897M 2002"
0010043643260,573075,"Macrame 20 great projects to knot","2018-04-25 14:09:00",746.4222,2113702,canf,"746.4222 G2897M 2002"
0010043643260,573075,"Macrame 20 great projects to knot","2018-08-08 15:18:00",746.4222,2113702,canf,"746.4222 G2897M 2002"
0010043643682,576723,"Macrame 20 great projects to knot","2006-02-13 17:56:00",746.4222,2113702,nanf,"746.4222 G2897M 2002"
0010043643682,576723,"Macrame 20 great projects to knot","2006-03-09 15:03:00",746.4222,2113702,nanf,"746.4222 G2897M 2002"
0010043643682,576723,"Macrame 20 great projects to knot","2006-04-07 17:58:00",746.4222,2113702,nanf,"746.4222 G2897M 2002"
0010043643682,576723,"Macrame 20 great projects to knot","2006-06-23 13:41:00",746.4222,2113702,nanf,"746.4222 G2897M 2002"
0010043643682,576723,"Macrame 20 great projects to knot","2006-08-23 18:24:00",746.4222,2113702,nanf,"746.4222 G2897M 2002"
0010043643682,576723,"Macrame 20 great projects to knot","2006-09-23 12:26:00",746.4222,2113702,nanf,"746.4222 G2897M 2002"
0010043643682,576723,"Macrame 20 great projects to knot","2006-10-26 18:46:00",746.4222,2113702,nanf,"746.4222 G2897M 2002"
0010043643682,576723,"Macrame 20 great projects to knot","2007-03-07 17:33:00",746.4222,2113702,nanf,"746.4222 G2897M 2002"
0010043643682,576723,"Macrame 20 great projects to knot","2007-03-22 18:43:00",746.4222,2113702,nanf,"746.4222 G2897M 2002"
0010043643682,576723,"Macrame 20 great projects to knot","2007-04-18 19:54:00",746.4222,2113702,nanf,"746.4222 G2897M 2002"
0010043643682,576723,"Macrame 20 great projects to knot","2007-08-23 11:05:00",746.4222,2113702,nanf,"746.4222 G2897M 2002"
0010043643682,576723,"Macrame 20 great projects to knot","2007-10-10 16:47:00",746.4222,2113702,nanf,"746.4222 G2897M 2002"
0010043643682,576723,"Macrame 20 great projects to knot","2008-05-12 19:40:00",746.4222,2113702,nanf,"746.4222 G2897M 2002"
0010043643682,576723,"Macrame 20 great projects to knot","2008-07-31 17:35:00",746.4222,2113702,nanf,"746.4222 G2897M 2002"
0010043643682,576723,"Macrame 20 great projects to knot","2008-10-02 17:02:00",746.4222,2113702,nanf,"746.4222 G2897M 2002"
0010043643682,576723,"Macrame 20 great projects to knot","2008-11-29 13:53:00",746.4222,2113702,nanf,"746.4222 G2897M 2002"
0010043643682,576723,"Macrame 20 great projects to knot","2009-01-28 14:08:00",746.4222,2113702,nanf,"746.4222 G2897M 2002"
0010043643682,576723,"Macrame 20 great projects to knot","2009-07-07 17:59:00",746.4222,2113702,nanf,"746.4222 G2897M 2002"
0010077281102,4603901,"Macrame 19 great weekend projects","2012-11-08 12:33:00",746.4222,2850126,canew,"746.4222 G2897M 2011"
0010077281102,4603901,"Macrame 19 great weekend projects","2012-12-05 11:12:00",746.4222,2850126,canew,"746.4222 G2897M 2011"
0010077281102,4603901,"Macrame 19 great weekend projects","2012-12-22 17:51:00",746.4222,2850126,canew,"746.4222 G2897M 2011"
0010077281102,4603901,"Macrame 19 great weekend projects","2013-04-12 14:40:00",746.4222,2850126,canf,"746.4222 G2897M 2011"
0010077281102,4603901,"Macrame 19 great weekend projects","2013-06-11 19:45:00",746.4222,2850126,canf,"746.4222 G2897M 2011"
0010077281102,4603901,"Macrame 19 great weekend projects","2013-09-07 16:50:00",746.4222,2850126,canf,"746.4222 G2897M 2011"
0010077281102,4603901,"Macrame 19 great weekend projects","2013-10-08 14:56:00",746.4222,2850126,canf,"746.4222 G2897M 2011"
0010077281102,4603901,"Macrame 19 great weekend projects","2014-01-31 13:28:00",746.4222,2850126,canf,"746.4222 G2897M 2011"
0010077281102,4603901,"Macrame 19 great weekend projects","2014-06-20 17:00:00",746.4222,2850126,canf,"746.4222 G2897M 2011"
0010077281102,4603901,"Macrame 19 great weekend projects","2014-09-07 17:51:00",746.4222,2850126,canf,"746.4222 G2897M 2011"
0010077281102,4603901,"Macrame 19 great weekend projects","2014-10-23 12:27:00",746.4222,2850126,canf,"746.4222 G2897M 2011"
0010077281102,4603901,"Macrame 19 great weekend projects","2015-01-03 14:56:00",746.4222,2850126,canf,"746.4222 G2897M 2011"
0010077281102,4603901,"Macrame 19 great weekend projects","2015-03-21 17:45:00",746.4222,2850126,canf,"746.4222 G2897M 2011"
0010077281102,4603901,"Macrame 19 great weekend projects","2015-05-05 11:28:00",746.4222,2850126,canf,"746.4222 G2897M 2011"
0010077281102,4603901,"Macrame 19 great weekend projects","2015-07-22 11:29:00",746.4222,2850126,canf,"746.4222 G2897M 2011"
0010077281102,4603901,"Macrame 19 great weekend projects","2015-09-13 13:15:00",746.4222,2850126,canf,"746.4222 G2897M 2011"
0010077281102,4603901,"Macrame 19 great weekend projects","2015-10-07 11:29:00",746.4222,2850126,canf,"746.4222 G2897M 2011"
0010077281102,4603901,"Macrame 19 great weekend projects","2015-12-30 17:47:00",746.4222,2850126,canf,"746.4222 G2897M 2011"
0010077281102,4603901,"Macrame 19 great weekend projects","2016-02-12 16:30:00",746.4222,2850126,canf,"746.4222 G2897M 2011"
0010077281102,4603901,"Macrame 19 great weekend projects","2016-04-11 16:46:00",746.4222,2850126,canf,"746.4222 G2897M 2011"
0010077281102,4603901,"Macrame 19 great weekend projects","2016-05-03 14:40:00",746.4222,2850126,canf,"746.4222 G2897M 2011"
0010077281102,4603901,"Macrame 19 great weekend projects","2016-09-14 14:27:00",746.4222,2850126,canf,"746.4222 G2897M 2011"
0010077281102,4603901,"Macrame 19 great weekend projects","2016-10-06 14:13:00",746.4222,2850126,canf,"746.4222 G2897M 2011"
0010077281102,4603901,"Macrame 19 great weekend projects","2016-11-26 11:20:00",746.4222,2850126,canf,"746.4222 G2897M 2011"
0010077281102,4603901,"Macrame 19 great weekend projects","2017-03-17 12:13:00",746.4222,2850126,canf,"746.4222 G2897M 2011"
0010077281102,4603901,"Macrame 19 great weekend projects","2017-06-26 18:19:00",746.4222,2850126,canf,"746.4222 G2897M 2011"
0010077281102,4603901,"Macrame 19 great weekend projects","2017-08-09 15:03:00",746.4222,2850126,canf,"746.4222 G2897M 2011"
0010077281102,4603901,"Macrame 19 great weekend projects","2017-08-23 17:27:00",746.4222,2850126,canf,"746.4222 G2897M 2011"
0010077281102,4603901,"Macrame 19 great weekend projects","2017-12-05 13:58:00",746.4222,2850126,canf,"746.4222 G2897M 2011"
0010077281102,4603901,"Macrame 19 great weekend projects","2018-04-25 14:10:00",746.4222,2850126,canf,"746.4222 G2897M 2011"
0010077281102,4603901,"Macrame 19 great weekend projects","2018-08-08 15:18:00",746.4222,2850126,canf,"746.4222 G2897M 2011"
0010077281128,4603902,"Macrame 19 great weekend projects","2012-12-26 16:10:00",746.4222,2850126,nanf,"746.4222 G2897M 2011"
0010077281128,4603902,"Macrame 19 great weekend projects","2013-02-22 10:40:00",746.4222,2850126,nanf,"746.4222 G2897M 2011"
0010077281110,4603903,"Macrame 19 great weekend projects","2012-11-10 11:49:00",746.4222,2850126,nanf,"746.4222 G2897M 2011"
0010077281110,4603903,"Macrame 19 great weekend projects","2013-01-08 17:11:00",746.4222,2850126,nanf,"746.4222 G2897M 2011"
0010077281110,4603903,"Macrame 19 great weekend projects","2013-01-25 18:01:00",746.4222,2850126,nanf,"746.4222 G2897M 2011"
0010077281110,4603903,"Macrame 19 great weekend projects","2013-04-12 13:33:00",746.4222,2850126,nanf,"746.4222 G2897M 2011"
0010077281110,4603903,"Macrame 19 great weekend projects","2013-10-25 11:33:00",746.4222,2850126,nanf,"746.4222 G2897M 2011"
0010077281110,4603903,"Macrame 19 great weekend projects","2014-05-30 11:22:00",746.4222,2850126,nanf,"746.4222 G2897M 2011"
0010077281110,4603903,"Macrame 19 great weekend projects","2014-11-29 17:49:00",746.4222,2850126,nanf,"746.4222 G2897M 2011"
0010077281110,4603903,"Macrame 19 great weekend projects","2015-04-09 11:29:00",746.4222,2850126,nanf,"746.4222 G2897M 2011"
0010077281110,4603903,"Macrame 19 great weekend projects","2015-05-13 16:32:00",746.4222,2850126,nanf,"746.4222 G2897M 2011"
0010077281110,4603903,"Macrame 19 great weekend projects","2015-10-30 10:56:00",746.4222,2850126,nanf,"746.4222 G2897M 2011"
0010077281110,4603903,"Macrame 19 great weekend projects","2016-01-07 16:50:00",746.4222,2850126,nanf,"746.4222 G2897M 2011"
0010077281110,4603903,"Macrame 19 great weekend projects","2016-04-26 16:21:00",746.4222,2850126,nanf,"746.4222 G2897M 2011"
0010077281110,4603903,"Macrame 19 great weekend projects","2016-11-01 15:55:00",746.4222,2850126,nanf,"746.4222 G2897M 2011"
0010077281110,4603903,"Macrame 19 great weekend projects","2016-12-26 19:00:00",746.4222,2850126,nanf,"746.4222 G2897M 2011"
0010077281110,4603903,"Macrame 19 great weekend projects","2017-04-11 19:21:00",746.4222,2850126,nanf,"746.4222 G2897M 2011"
0010077281110,4603903,"Macrame 19 great weekend projects","2017-05-12 17:34:00",746.4222,2850126,nanf,"746.4222 G2897M 2011"
0010077281110,4603903,"Macrame 19 great weekend projects","2017-08-16 11:21:00",746.4222,2850126,nanf,"746.4222 G2897M 2011"
0010077281110,4603903,"Macrame 19 great weekend projects","2018-10-16 15:49:00",746.4222,2850126,nanf,"746.4222 G2897M 2011"
0010077281110,4603903,"Macrame 19 great weekend projects","2018-11-18 14:31:00",746.4222,2850126,nanf,"746.4222 G2897M 2011"
0010077281110,4603903,"Macrame 19 great weekend projects","2018-12-23 16:29:00",746.4222,2850126,nanf,"746.4222 G2897M 2011"
0010077281110,4603903,"Macrame 19 great weekend projects","2019-02-17 13:13:00",746.4222,2850126,nanf,"746.4222 G2897M 2011"
0010077281110,4603903,"Macrame 19 great weekend projects","2019-04-20 15:53:00",746.4222,2850126,nanf,"746.4222 G2897M 2011"
0010077281110,4603903,"Macrame 19 great weekend projects","2019-05-24 11:32:00",746.4222,2850126,nanf,"746.4222 G2897M 2011"
0010077281110,4603903,"Macrame 19 great weekend projects","2019-06-23 16:05:00",746.4222,2850126,nanf,"746.4222 G2897M 2011"
0010077281110,4603903,"Macrame 19 great weekend projects","2019-08-21 17:35:00",746.4222,2850126,nanf,"746.4222 G2897M 2011"
0010077281110,4603903,"Macrame 19 great weekend projects","2019-11-12 10:14:00",746.4222,2850126,nanf,"746.4222 G2897M 2011"
0010077281110,4603903,"Macrame 19 great weekend projects","2019-11-22 10:04:00",746.4222,2850126,nanf,"746.4222 G2897M 2011"
0010077281110,4603903,"Macrame 19 great weekend projects","2019-12-23 18:17:00",746.4222,2850126,nanf,"746.4222 G2897M 2011"
0010077281110,4603903,"Macrame 19 great weekend projects","2020-02-01 16:41:00",746.4222,2850126,nanf,"746.4222 G2897M 2011"
0010077281110,4603903,"Macrame 19 great weekend projects","2020-02-18 16:50:00",746.4222,2850126,nanf,"746.4222 G2897M 2011"
0010077281110,4603903,"Macrame 19 great weekend projects","2020-10-28 13:39:00",746.4222,2850126,nanf,"746.4222 G2897M 2011"
0010077281110,4603903,"Macrame 19 great weekend projects","2021-02-25 14:22:00",746.4222,2850126,nanf,"746.4222 G2897M 2011"
0010077281110,4603903,"Macrame 19 great weekend projects","2021-05-14 16:11:00",746.4222,2850126,nanf,"746.4222 G2897M 2011"
0010077281110,4603903,"Macrame 19 great weekend projects","2021-10-26 17:19:00",746.4222,2850126,nanf,"746.4222 G2897M 2011"
0010077281110,4603903,"Macrame 19 great weekend projects","2022-12-29 12:19:00",746.4222,2850126,nanf,"746.4222 G2897M 2011"
0010077281094,4603904,"Macrame 19 great weekend projects","2012-11-21 17:36:00",746.4222,2850126,nanf,"746.4222 G2897M 2011"
0010077281094,4603904,"Macrame 19 great weekend projects","2013-02-11 14:17:00",746.4222,2850126,nanf,"746.4222 G2897M 2011"
0010077281094,4603904,"Macrame 19 great weekend projects","2013-07-26 16:17:00",746.4222,2850126,nanf,"746.4222 G2897M 2011"
0010077281094,4603904,"Macrame 19 great weekend projects","2013-09-11 17:25:00",746.4222,2850126,nanf,"746.4222 G2897M 2011"
0010077281094,4603904,"Macrame 19 great weekend projects","2014-05-31 11:53:00",746.4222,2850126,nanf,"746.4222 G2897M 2011"
0010077281094,4603904,"Macrame 19 great weekend projects","2014-08-27 10:28:00",746.4222,2850126,nanf,"746.4222 G2897M 2011"
0010077281094,4603904,"Macrame 19 great weekend projects","2014-11-30 14:14:00",746.4222,2850126,nanf,"746.4222 G2897M 2011"
0010077281094,4603904,"Macrame 19 great weekend projects","2015-02-08 15:53:00",746.4222,2850126,nanf,"746.4222 G2897M 2011"
0010077281094,4603904,"Macrame 19 great weekend projects","2015-04-11 13:12:00",746.4222,2850126,nanf,"746.4222 G2897M 2011"
0010077281094,4603904,"Macrame 19 great weekend projects","2015-07-11 17:59:00",746.4222,2850126,nanf,"746.4222 G2897M 2011"
0010077281094,4603904,"Macrame 19 great weekend projects","2016-01-19 13:53:00",746.4222,2850126,nanf,"746.4222 G2897M 2011"
0010077281094,4603904,"Macrame 19 great weekend projects","2016-02-19 11:32:00",746.4222,2850126,nanf,"746.4222 G2897M 2011"
0010077281094,4603904,"Macrame 19 great weekend projects","2016-05-21 10:57:00",746.4222,2850126,nanf,"746.4222 G2897M 2011"
0010077281094,4603904,"Macrame 19 great weekend projects","2016-11-03 14:08:00",746.4222,2850126,nanf,"746.4222 G2897M 2011"
0010077281094,4603904,"Macrame 19 great weekend projects","2016-12-17 13:20:00",746.4222,2850126,nanf,"746.4222 G2897M 2011"
0010077281094,4603904,"Macrame 19 great weekend projects","2017-04-20 14:08:00",746.4222,2850126,nanf,"746.4222 G2897M 2011"
0010077281094,4603904,"Macrame 19 great weekend projects","2017-05-12 16:09:00",746.4222,2850126,nanf,"746.4222 G2897M 2011"
0010077281094,4603904,"Macrame 19 great weekend projects","2017-07-21 17:12:00",746.4222,2850126,nanf,"746.4222 G2897M 2011"
0010077281094,4603904,"Macrame 19 great weekend projects","2018-04-19 10:37:00",746.4222,2850126,nanf,"746.4222 G2897M 2011"
0010077281094,4603904,"Macrame 19 great weekend projects","2018-05-22 15:54:00",746.4222,2850126,nanf,"746.4222 G2897M 2011"
0010077281094,4603904,"Macrame 19 great weekend projects","2018-07-19 18:55:00",746.4222,2850126,nanf,"746.4222 G2897M 2011"
0010077281094,4603904,"Macrame 19 great weekend projects","2018-08-20 18:40:00",746.4222,2850126,nanf,"746.4222 G2897M 2011"
0010077281094,4603904,"Macrame 19 great weekend projects","2018-10-28 16:52:00",746.4222,2850126,nanf,"746.4222 G2897M 2011"
0010077281094,4603904,"Macrame 19 great weekend projects","2019-04-25 16:58:00",746.4222,2850126,nanf,"746.4222 G2897M 2011"
0010077281094,4603904,"Macrame 19 great weekend projects","2019-06-02 14:03:00",746.4222,2850126,nanf,"746.4222 G2897M 2011"
0010077281094,4603904,"Macrame 19 great weekend projects","2019-08-20 13:01:00",746.4222,2850126,nanf,"746.4222 G2897M 2011"
0010077281094,4603904,"Macrame 19 great weekend projects","2019-11-12 16:09:00",746.4222,2850126,nanf,"746.4222 G2897M 2011"
0010077281094,4603904,"Macrame 19 great weekend projects","2019-12-19 17:19:00",746.4222,2850126,nanf,"746.4222 G2897M 2011"
0010077281094,4603904,"Macrame 19 great weekend projects","2020-02-01 13:31:00",746.4222,2850126,nanf,"746.4222 G2897M 2011"
0010077281094,4603904,"Macrame 19 great weekend projects","2020-02-25 10:17:00",746.4222,2850126,nanf,"746.4222 G2897M 2011"
0010077281094,4603904,"Macrame 19 great weekend projects","2020-03-13 10:41:00",746.4222,2850126,nanf,"746.4222 G2897M 2011"
0010077281094,4603904,"Macrame 19 great weekend projects","2021-08-11 10:15:00",746.4222,2850126,nanf,"746.4222 G2897M 2011"
0010077281094,4603904,"Macrame 19 great weekend projects","2022-01-02 15:11:00",746.4222,2850126,nanf,"746.4222 G2897M 2011"
0010077281094,4603904,"Macrame 19 great weekend projects","2022-02-04 15:35:00",746.4222,2850126,nanf,"746.4222 G2897M 2011"
0010077281094,4603904,"Macrame 19 great weekend projects","2022-04-01 16:57:00",746.4222,2850126,nanf,"746.4222 G2897M 2011"
0010077281094,4603904,"Macrame 19 great weekend projects","2022-05-20 10:39:00",746.4222,2850126,nanf,"746.4222 G2897M 2011"
0010077281094,4603904,"Macrame 19 great weekend projects","2022-06-07 14:09:00",746.4222,2850126,nanf,"746.4222 G2897M 2011"
0010077281094,4603904,"Macrame 19 great weekend projects","2022-08-07 14:16:00",746.4222,2850126,nanf,"746.4222 G2897M 2011"
0010077281094,4603904,"Macrame 19 great weekend projects","2022-09-22 16:11:00",746.4222,2850126,nanf,"746.4222 G2897M 2011"
0010077281094,4603904,"Macrame 19 great weekend projects","2022-12-19 14:36:00",746.4222,2850126,nanf,"746.4222 G2897M 2011"
0010077281086,4603905,"Macrame 19 great weekend projects","2013-02-09 14:15:00",746.4222,2850126,nanew,"746.4222 G2897M 2011"
0010077281086,4603905,"Macrame 19 great weekend projects","2013-03-19 11:29:00",746.4222,2850126,nanf,"746.4222 G2897M 2011"
0010077281086,4603905,"Macrame 19 great weekend projects","2013-05-05 13:12:00",746.4222,2850126,nanf,"746.4222 G2897M 2011"
0010077281086,4603905,"Macrame 19 great weekend projects","2013-08-09 13:55:00",746.4222,2850126,nanf,"746.4222 G2897M 2011"
0010077281086,4603905,"Macrame 19 great weekend projects","2013-10-05 15:00:00",746.4222,2850126,nanf,"746.4222 G2897M 2011"
0010077281086,4603905,"Macrame 19 great weekend projects","2014-03-13 17:01:00",746.4222,2850126,nanf,"746.4222 G2897M 2011"
0010077281086,4603905,"Macrame 19 great weekend projects","2014-06-23 11:49:00",746.4222,2850126,nanf,"746.4222 G2897M 2011"
0010077281086,4603905,"Macrame 19 great weekend projects","2014-11-04 14:26:00",746.4222,2850126,nanf,"746.4222 G2897M 2011"
0010077281086,4603905,"Macrame 19 great weekend projects","2015-05-20 12:00:00",746.4222,2850126,nanf,"746.4222 G2897M 2011"
0010077281086,4603905,"Macrame 19 great weekend projects","2015-10-25 14:35:00",746.4222,2850126,nanf,"746.4222 G2897M 2011"
0010077281086,4603905,"Macrame 19 great weekend projects","2016-03-19 16:07:00",746.4222,2850126,nanf,"746.4222 G2897M 2011"
0010077281086,4603905,"Macrame 19 great weekend projects","2016-04-16 18:02:00",746.4222,2850126,nanf,"746.4222 G2897M 2011"
0010077281086,4603905,"Macrame 19 great weekend projects","2016-07-02 11:13:00",746.4222,2850126,nanf,"746.4222 G2897M 2011"
0010077281086,4603905,"Macrame 19 great weekend projects","2016-10-11 14:52:00",746.4222,2850126,nanf,"746.4222 G2897M 2011"
0010077281086,4603905,"Macrame 19 great weekend projects","2016-12-05 12:40:00",746.4222,2850126,nanf,"746.4222 G2897M 2011"
0010077281086,4603905,"Macrame 19 great weekend projects","2017-01-06 15:05:00",746.4222,2850126,nanf,"746.4222 G2897M 2011"
0010077281086,4603905,"Macrame 19 great weekend projects","2017-04-01 13:47:00",746.4222,2850126,nanf,"746.4222 G2897M 2011"
0010077281086,4603905,"Macrame 19 great weekend projects","2017-05-24 14:53:00",746.4222,2850126,nanf,"746.4222 G2897M 2011"
0010077281086,4603905,"Macrame 19 great weekend projects","2017-07-17 15:12:00",746.4222,2850126,nanf,"746.4222 G2897M 2011"
0010077281086,4603905,"Macrame 19 great weekend projects","2017-12-29 17:40:00",746.4222,2850126,nanf,"746.4222 G2897M 2011"
0010077281086,4603905,"Macrame 19 great weekend projects","2018-07-05 16:34:00",746.4222,2850126,nanf,"746.4222 G2897M 2011"
0010077281086,4603905,"Macrame 19 great weekend projects","2018-11-17 13:19:00",746.4222,2850126,nanf,"746.4222 G2897M 2011"
0010077281086,4603905,"Macrame 19 great weekend projects","2019-04-15 19:25:00",746.4222,2850126,nanf,"746.4222 G2897M 2011"
0010077281086,4603905,"Macrame 19 great weekend projects","2019-05-23 17:29:00",746.4222,2850126,nanf,"746.4222 G2897M 2011"
0010077281086,4603905,"Macrame 19 great weekend projects","2019-06-08 14:02:00",746.4222,2850126,nanf,"746.4222 G2897M 2011"
0010077281086,4603905,"Macrame 19 great weekend projects","2019-10-10 18:16:00",746.4222,2850126,nanf,"746.4222 G2897M 2011"
0010077281086,4603905,"Macrame 19 great weekend projects","2019-12-16 18:13:00",746.4222,2850126,nanf,"746.4222 G2897M 2011"
0010077281086,4603905,"Macrame 19 great weekend projects","2020-01-06 14:06:00",746.4222,2850126,nanf,"746.4222 G2897M 2011"
0010077281086,4603905,"Macrame 19 great weekend projects","2020-01-29 18:45:00",746.4222,2850126,nanf,"746.4222 G2897M 2011"
0010077281086,4603905,"Macrame 19 great weekend projects","2020-10-05 15:31:00",746.4222,2850126,nanf,"746.4222 G2897M 2011"
0010077281086,4603905,"Macrame 19 great weekend projects","2020-12-22 09:46:00",746.4222,2850126,nanf,"746.4222 G2897M 2011"
0010077281086,4603905,"Macrame 19 great weekend projects","2021-02-11 16:28:00",746.4222,2850126,nanf,"746.4222 G2897M 2011"
0010077281086,4603905,"Macrame 19 great weekend projects","2021-04-22 17:20:00",746.4222,2850126,nanf,"746.4222 G2897M 2011"
0010077281086,4603905,"Macrame 19 great weekend projects","2021-09-14 10:38:00",746.4222,2850126,nanf,"746.4222 G2897M 2011"
0010077281086,4603905,"Macrame 19 great weekend projects","2021-12-21 12:25:00",746.4222,2850126,nanf,"746.4222 G2897M 2011"
0010077281086,4603905,"Macrame 19 great weekend projects","2022-03-25 16:02:00",746.4222,2850126,nanf,"746.4222 G2897M 2011"
0010077281086,4603905,"Macrame 19 great weekend projects","2022-04-19 13:49:00",746.4222,2850126,nanf,"746.4222 G2897M 2011"
0010077281086,4603905,"Macrame 19 great weekend projects","2022-05-04 17:55:00",746.4222,2850126,nanf,"746.4222 G2897M 2011"
0010077281086,4603905,"Macrame 19 great weekend projects","2022-08-21 15:23:00",746.4222,2850126,nanf,"746.4222 G2897M 2011"
0010077281086,4603905,"Macrame 19 great weekend projects","2022-09-30 16:12:00",746.4222,2850126,nanf,"746.4222 G2897M 2011"
0010077281086,4603905,"Macrame 19 great weekend projects","2022-12-07 17:29:00",746.4222,2850126,nanf,"746.4222 G2897M 2011"
0010077281078,4603906,"Macrame 19 great weekend projects","2012-11-21 15:57:00",746.4222,2850126,nanf,"746.4222 G2897M 2011"
0010077281078,4603906,"Macrame 19 great weekend projects","2013-01-29 16:27:00",746.4222,2850126,nanf,"746.4222 G2897M 2011"
0010077281078,4603906,"Macrame 19 great weekend projects","2013-04-04 19:16:00",746.4222,2850126,nanf,"746.4222 G2897M 2011"
0010077281078,4603906,"Macrame 19 great weekend projects","2013-06-22 12:59:00",746.4222,2850126,nanf,"746.4222 G2897M 2011"
0010077281078,4603906,"Macrame 19 great weekend projects","2013-11-02 11:51:00",746.4222,2850126,nanf,"746.4222 G2897M 2011"
0010077281078,4603906,"Macrame 19 great weekend projects","2014-02-27 15:17:00",746.4222,2850126,nanf,"746.4222 G2897M 2011"
0010077281078,4603906,"Macrame 19 great weekend projects","2014-04-03 17:00:00",746.4222,2850126,nanf,"746.4222 G2897M 2011"
0010077281078,4603906,"Macrame 19 great weekend projects","2014-08-20 14:33:00",746.4222,2850126,nanf,"746.4222 G2897M 2011"
0010077281078,4603906,"Macrame 19 great weekend projects","2014-08-24 15:30:00",746.4222,2850126,nanf,"746.4222 G2897M 2011"
0010077281078,4603906,"Macrame 19 great weekend projects","2014-11-21 13:28:00",746.4222,2850126,nanf,"746.4222 G2897M 2011"
0010077281078,4603906,"Macrame 19 great weekend projects","2015-01-18 15:10:00",746.4222,2850126,nanf,"746.4222 G2897M 2011"
0010077281078,4603906,"Macrame 19 great weekend projects","2015-02-10 14:20:00",746.4222,2850126,nanf,"746.4222 G2897M 2011"
0010077281078,4603906,"Macrame 19 great weekend projects","2015-05-06 15:29:00",746.4222,2850126,nanf,"746.4222 G2897M 2011"
0010050272367,4786348,"ILLM Macrame fashions and furnishings","2013-04-09 17:11:00",,2898848,swill,"FAST ADD"
0010050132827,5076040,"ILLM Wired micro macrame jewelry enchancing fiber designs with wired","2014-01-14 15:21:00",,2973325,swill,"FAST ADD"
0010050132827,5076040,"ILLM Wired micro macrame jewelry enchancing fiber designs with wired","2014-01-16 16:35:00",,2973325,swill,"FAST ADD"
0010082752444,5185875,"Macrame pattern book includes over 70 knots and small repeat patterns plus projects","2014-08-12 19:46:00",746.4222,3003501,canf,"746.4222 M2449 2013"
0010082752444,5185875,"Macrame pattern book includes over 70 knots and small repeat patterns plus projects","2014-09-07 17:51:00",746.4222,3003501,canf,"746.4222 M2449 2013"
0010082752444,5185875,"Macrame pattern book includes over 70 knots and small repeat patterns plus projects","2014-10-06 17:46:00",746.4222,3003501,canf,"746.4222 M2449 2013"
0010082752444,5185875,"Macrame pattern book includes over 70 knots and small repeat patterns plus projects","2014-10-21 18:48:00",746.4222,3003501,canf,"746.4222 M2449 2013"
0010082752444,5185875,"Macrame pattern book includes over 70 knots and small repeat patterns plus projects","2014-11-20 15:54:00",746.4222,3003501,canf,"746.4222 M2449 2013"
0010082752444,5185875,"Macrame pattern book includes over 70 knots and small repeat patterns plus projects","2015-02-15 14:52:00",746.4222,3003501,canf,"746.4222 M2449 2013"
0010082752444,5185875,"Macrame pattern book includes over 70 knots and small repeat patterns plus projects","2015-04-02 11:32:00",746.4222,3003501,canf,"746.4222 M2449 2013"
0010082752444,5185875,"Macrame pattern book includes over 70 knots and small repeat patterns plus projects","2015-06-24 10:48:00",746.4222,3003501,canf,"746.4222 M2449 2013"
0010082752444,5185875,"Macrame pattern book includes over 70 knots and small repeat patterns plus projects","2015-07-15 15:46:00",746.4222,3003501,canf,"746.4222 M2449 2013"
0010082752444,5185875,"Macrame pattern book includes over 70 knots and small repeat patterns plus projects","2015-09-16 14:07:00",746.4222,3003501,canf,"746.4222 M2449 2013"
0010082752444,5185875,"Macrame pattern book includes over 70 knots and small repeat patterns plus projects","2015-11-21 15:27:00",746.4222,3003501,canf,"746.4222 M2449 2013"
0010082752444,5185875,"Macrame pattern book includes over 70 knots and small repeat patterns plus projects","2016-01-07 16:50:00",746.4222,3003501,canf,"746.4222 M2449 2013"
0010082752444,5185875,"Macrame pattern book includes over 70 knots and small repeat patterns plus projects","2016-01-27 10:27:00",746.4222,3003501,canf,"746.4222 M2449 2013"
0010082752444,5185875,"Macrame pattern book includes over 70 knots and small repeat patterns plus projects","2016-04-17 14:10:00",746.4222,3003501,canf,"746.4222 M2449 2013"
0010082752444,5185875,"Macrame pattern book includes over 70 knots and small repeat patterns plus projects","2016-05-31 17:15:00",746.4222,3003501,canf,"746.4222 M2449 2013"
0010082752444,5185875,"Macrame pattern book includes over 70 knots and small repeat patterns plus projects","2016-06-23 16:55:00",746.4222,3003501,canf,"746.4222 M2449 2013"
0010082752444,5185875,"Macrame pattern book includes over 70 knots and small repeat patterns plus projects","2016-10-26 14:25:00",746.4222,3003501,canf,"746.4222 M2449 2013"
0010082752444,5185875,"Macrame pattern book includes over 70 knots and small repeat patterns plus projects","2017-01-20 17:16:00",746.4222,3003501,canf,"746.4222 M2449 2013"
0010082752444,5185875,"Macrame pattern book includes over 70 knots and small repeat patterns plus projects","2017-03-06 17:50:00",746.4222,3003501,canf,"746.4222 M2449 2013"
0010082752444,5185875,"Macrame pattern book includes over 70 knots and small repeat patterns plus projects","2017-04-12 11:44:00",746.4222,3003501,canf,"746.4222 M2449 2013"
0010082752444,5185875,"Macrame pattern book includes over 70 knots and small repeat patterns plus projects","2017-06-18 13:08:00",746.4222,3003501,canf,"746.4222 M2449 2013"
0010082752444,5185875,"Macrame pattern book includes over 70 knots and small repeat patterns plus projects","2017-07-17 15:12:00",746.4222,3003501,canf,"746.4222 M2449 2013"
0010082752444,5185875,"Macrame pattern book includes over 70 knots and small repeat patterns plus projects","2017-10-26 18:28:00",746.4222,3003501,canf,"746.4222 M2449 2013"
0010082752444,5185875,"Macrame pattern book includes over 70 knots and small repeat patterns plus projects","2017-12-29 17:40:00",746.4222,3003501,canf,"746.4222 M2449 2013"
0010082752444,5185875,"Macrame pattern book includes over 70 knots and small repeat patterns plus projects","2018-05-06 13:11:00",746.4222,3003501,canf,"746.4222 M2449 2013"
0010082752444,5185875,"Macrame pattern book includes over 70 knots and small repeat patterns plus projects","2018-08-14 17:58:00",746.4222,3003501,canf,"746.4222 M2449 2013"
0010082752444,5185875,"Macrame pattern book includes over 70 knots and small repeat patterns plus projects","2018-09-24 14:15:00",746.4222,3003501,canf,"746.4222 M2449 2013"
0010082752451,5185876,"Macrame pattern book includes over 70 knots and small repeat patterns plus projects","2015-05-19 15:40:00",746.4222,3003501,canf,"746.4222 M2449 2013"
0010082752451,5185876,"Macrame pattern book includes over 70 knots and small repeat patterns plus projects","2015-06-20 10:24:00",746.4222,3003501,canf,"746.4222 M2449 2013"
0010082752451,5185876,"Macrame pattern book includes over 70 knots and small repeat patterns plus projects","2015-08-26 15:01:00",746.4222,3003501,canf,"746.4222 M2449 2013"
0010082752451,5185876,"Macrame pattern book includes over 70 knots and small repeat patterns plus projects","2015-09-27 14:13:00",746.4222,3003501,canf,"746.4222 M2449 2013"
0010082752451,5185876,"Macrame pattern book includes over 70 knots and small repeat patterns plus projects","2015-10-30 10:56:00",746.4222,3003501,canf,"746.4222 M2449 2013"
0010082752451,5185876,"Macrame pattern book includes over 70 knots and small repeat patterns plus projects","2015-11-23 13:06:00",746.4222,3003501,canf,"746.4222 M2449 2013"
0010082752451,5185876,"Macrame pattern book includes over 70 knots and small repeat patterns plus projects","2016-01-08 12:24:00",746.4222,3003501,canf,"746.4222 M2449 2013"
0010082752451,5185876,"Macrame pattern book includes over 70 knots and small repeat patterns plus projects","2016-02-09 16:47:00",746.4222,3003501,canf,"746.4222 M2449 2013"
0010082752451,5185876,"Macrame pattern book includes over 70 knots and small repeat patterns plus projects","2016-03-08 18:15:00",746.4222,3003501,canf,"746.4222 M2449 2013"
0010082752451,5185876,"Macrame pattern book includes over 70 knots and small repeat patterns plus projects","2016-05-05 11:45:00",746.4222,3003501,canf,"746.4222 M2449 2013"
0010082752451,5185876,"Macrame pattern book includes over 70 knots and small repeat patterns plus projects","2016-06-21 14:31:00",746.4222,3003501,canf,"746.4222 M2449 2013"
0010082752451,5185876,"Macrame pattern book includes over 70 knots and small repeat patterns plus projects","2016-08-22 16:17:00",746.4222,3003501,canf,"746.4222 M2449 2013"
0010082752451,5185876,"Macrame pattern book includes over 70 knots and small repeat patterns plus projects","2016-09-23 17:52:00",746.4222,3003501,canf,"746.4222 M2449 2013"
0010082752451,5185876,"Macrame pattern book includes over 70 knots and small repeat patterns plus projects","2017-01-04 16:03:00",746.4222,3003501,canf,"746.4222 M2449 2013"
0010082752451,5185876,"Macrame pattern book includes over 70 knots and small repeat patterns plus projects","2017-03-21 17:00:00",746.4222,3003501,canf,"746.4222 M2449 2013"
0010082752451,5185876,"Macrame pattern book includes over 70 knots and small repeat patterns plus projects","2017-05-10 10:28:00",746.4222,3003501,canf,"746.4222 M2449 2013"
0010082752451,5185876,"Macrame pattern book includes over 70 knots and small repeat patterns plus projects","2017-06-14 13:41:00",746.4222,3003501,canf,"746.4222 M2449 2013"
0010082752451,5185876,"Macrame pattern book includes over 70 knots and small repeat patterns plus projects","2017-07-31 17:57:00",746.4222,3003501,canf,"746.4222 M2449 2013"
0010082752451,5185876,"Macrame pattern book includes over 70 knots and small repeat patterns plus projects","2017-09-17 14:20:00",746.4222,3003501,canf,"746.4222 M2449 2013"
0010082752451,5185876,"Macrame pattern book includes over 70 knots and small repeat patterns plus projects","2017-11-01 15:17:00",746.4222,3003501,canf,"746.4222 M2449 2013"
0010082752436,5185877,"Macrame pattern book includes over 70 knots and small repeat patterns plus projects","2014-06-19 15:32:00",746.4222,3003501,nanf,"746.4222 M2449 2013"
0010082752436,5185877,"Macrame pattern book includes over 70 knots and small repeat patterns plus projects","2014-07-20 15:43:00",746.4222,3003501,nanf,"746.4222 M2449 2013"
0010082752436,5185877,"Macrame pattern book includes over 70 knots and small repeat patterns plus projects","2014-08-29 15:10:00",746.4222,3003501,nanf,"746.4222 M2449 2013"
0010082752436,5185877,"Macrame pattern book includes over 70 knots and small repeat patterns plus projects","2014-10-23 12:08:00",746.4222,3003501,nanf,"746.4222 M2449 2013"
0010082752436,5185877,"Macrame pattern book includes over 70 knots and small repeat patterns plus projects","2015-05-30 10:56:00",746.4222,3003501,nanf,"746.4222 M2449 2013"
0010082752436,5185877,"Macrame pattern book includes over 70 knots and small repeat patterns plus projects","2015-11-02 12:34:00",746.4222,3003501,nanf,"746.4222 M2449 2013"
0010082752436,5185877,"Macrame pattern book includes over 70 knots and small repeat patterns plus projects","2015-12-22 19:52:00",746.4222,3003501,nanf,"746.4222 M2449 2013"
0010082752436,5185877,"Macrame pattern book includes over 70 knots and small repeat patterns plus projects","2016-03-21 09:25:00",746.4222,3003501,nanf,"746.4222 M2449 2013"
0010082752436,5185877,"Macrame pattern book includes over 70 knots and small repeat patterns plus projects","2016-04-13 13:31:00",746.4222,3003501,nanf,"746.4222 M2449 2013"
0010082752436,5185877,"Macrame pattern book includes over 70 knots and small repeat patterns plus projects","2016-05-21 10:57:00",746.4222,3003501,nanf,"746.4222 M2449 2013"
0010082752436,5185877,"Macrame pattern book includes over 70 knots and small repeat patterns plus projects","2016-06-22 16:12:00",746.4222,3003501,nanf,"746.4222 M2449 2013"
0010082752436,5185877,"Macrame pattern book includes over 70 knots and small repeat patterns plus projects","2016-09-14 11:18:00",746.4222,3003501,nanf,"746.4222 M2449 2013"
0010082752436,5185877,"Macrame pattern book includes over 70 knots and small repeat patterns plus projects","2016-11-15 15:51:00",746.4222,3003501,nanf,"746.4222 M2449 2013"
0010082752436,5185877,"Macrame pattern book includes over 70 knots and small repeat patterns plus projects","2017-01-06 15:04:00",746.4222,3003501,nanf,"746.4222 M2449 2013"
0010082752436,5185877,"Macrame pattern book includes over 70 knots and small repeat patterns plus projects","2017-04-01 13:47:00",746.4222,3003501,nanf,"746.4222 M2449 2013"
0010082752436,5185877,"Macrame pattern book includes over 70 knots and small repeat patterns plus projects","2017-05-03 11:59:00",746.4222,3003501,nanf,"746.4222 M2449 2013"
0010082752436,5185877,"Macrame pattern book includes over 70 knots and small repeat patterns plus projects","2017-06-28 14:17:00",746.4222,3003501,nanf,"746.4222 M2449 2013"
0010082752436,5185877,"Macrame pattern book includes over 70 knots and small repeat patterns plus projects","2017-08-24 19:46:00",746.4222,3003501,nanf,"746.4222 M2449 2013"
0010082752436,5185877,"Macrame pattern book includes over 70 knots and small repeat patterns plus projects","2018-05-15 16:25:00",746.4222,3003501,nanf,"746.4222 M2449 2013"
0010082752436,5185877,"Macrame pattern book includes over 70 knots and small repeat patterns plus projects","2018-08-21 19:07:00",746.4222,3003501,nanf,"746.4222 M2449 2013"
0010082752436,5185877,"Macrame pattern book includes over 70 knots and small repeat patterns plus projects","2018-10-28 16:12:00",746.4222,3003501,nanf,"746.4222 M2449 2013"
0010082752436,5185877,"Macrame pattern book includes over 70 knots and small repeat patterns plus projects","2018-11-18 14:31:00",746.4222,3003501,nanf,"746.4222 M2449 2013"
0010082752436,5185877,"Macrame pattern book includes over 70 knots and small repeat patterns plus projects","2018-12-21 11:18:00",746.4222,3003501,nanf,"746.4222 M2449 2013"
0010082752436,5185877,"Macrame pattern book includes over 70 knots and small repeat patterns plus projects","2019-01-29 14:38:00",746.4222,3003501,nanf,"746.4222 M2449 2013"
0010082752436,5185877,"Macrame pattern book includes over 70 knots and small repeat patterns plus projects","2019-03-31 15:37:00",746.4222,3003501,nanf,"746.4222 M2449 2013"
0010082752436,5185877,"Macrame pattern book includes over 70 knots and small repeat patterns plus projects","2019-07-18 15:23:00",746.4222,3003501,nanf,"746.4222 M2449 2013"
0010082752428,5185878,"Macrame pattern book includes over 70 knots and small repeat patterns plus projects","2014-07-11 16:13:00",746.4222,3003501,nanf,"746.4222 M2449 2013"
0010082752428,5185878,"Macrame pattern book includes over 70 knots and small repeat patterns plus projects","2014-08-24 15:29:00",746.4222,3003501,nanf,"746.4222 M2449 2013"
0010082752428,5185878,"Macrame pattern book includes over 70 knots and small repeat patterns plus projects","2014-10-24 10:39:00",746.4222,3003501,nanf,"746.4222 M2449 2013"
0010082752428,5185878,"Macrame pattern book includes over 70 knots and small repeat patterns plus projects","2014-11-05 18:19:00",746.4222,3003501,nanf,"746.4222 M2449 2013"
0010082752428,5185878,"Macrame pattern book includes over 70 knots and small repeat patterns plus projects","2015-01-15 10:09:00",746.4222,3003501,nanf,"746.4222 M2449 2013"
0010082752428,5185878,"Macrame pattern book includes over 70 knots and small repeat patterns plus projects","2015-03-23 13:11:00",746.4222,3003501,nanf,"746.4222 M2449 2013"
0010082752428,5185878,"Macrame pattern book includes over 70 knots and small repeat patterns plus projects","2015-05-09 13:40:00",746.4222,3003501,nanf,"746.4222 M2449 2013"
0010082752428,5185878,"Macrame pattern book includes over 70 knots and small repeat patterns plus projects","2015-07-11 14:03:00",746.4222,3003501,nanf,"746.4222 M2449 2013"
0010082752428,5185878,"Macrame pattern book includes over 70 knots and small repeat patterns plus projects","2015-08-20 17:21:00",746.4222,3003501,nanf,"746.4222 M2449 2013"
0010082752428,5185878,"Macrame pattern book includes over 70 knots and small repeat patterns plus projects","2015-10-03 15:45:00",746.4222,3003501,nanf,"746.4222 M2449 2013"
0010082752428,5185878,"Macrame pattern book includes over 70 knots and small repeat patterns plus projects","2015-11-24 16:00:00",746.4222,3003501,nanf,"746.4222 M2449 2013"
0010082752428,5185878,"Macrame pattern book includes over 70 knots and small repeat patterns plus projects","2016-02-23 12:46:00",746.4222,3003501,nanf,"746.4222 M2449 2013"
0010082752428,5185878,"Macrame pattern book includes over 70 knots and small repeat patterns plus projects","2016-06-10 10:37:00",746.4222,3003501,nanf,"746.4222 M2449 2013"
0010082752428,5185878,"Macrame pattern book includes over 70 knots and small repeat patterns plus projects","2016-10-06 14:13:00",746.4222,3003501,nanf,"746.4222 M2449 2013"
0010082752428,5185878,"Macrame pattern book includes over 70 knots and small repeat patterns plus projects","2017-02-26 14:26:00",746.4222,3003501,nanf,"746.4222 M2449 2013"
0010082752428,5185878,"Macrame pattern book includes over 70 knots and small repeat patterns plus projects","2017-03-31 13:47:00",746.4222,3003501,nanf,"746.4222 M2449 2013"
0010082752428,5185878,"Macrame pattern book includes over 70 knots and small repeat patterns plus projects","2017-05-12 16:09:00",746.4222,3003501,nanf,"746.4222 M2449 2013"
0010082752428,5185878,"Macrame pattern book includes over 70 knots and small repeat patterns plus projects","2017-05-30 12:42:00",746.4222,3003501,nanf,"746.4222 M2449 2013"
0010082752428,5185878,"Macrame pattern book includes over 70 knots and small repeat patterns plus projects","2017-08-07 17:52:00",746.4222,3003501,nanf,"746.4222 M2449 2013"
0010082752428,5185878,"Macrame pattern book includes over 70 knots and small repeat patterns plus projects","2017-09-02 11:59:00",746.4222,3003501,nanf,"746.4222 M2449 2013"
0010082752428,5185878,"Macrame pattern book includes over 70 knots and small repeat patterns plus projects","2017-11-28 18:13:00",746.4222,3003501,nanf,"746.4222 M2449 2013"
0010082752428,5185878,"Macrame pattern book includes over 70 knots and small repeat patterns plus projects","2018-03-27 14:12:00",746.4222,3003501,nanf,"746.4222 M2449 2013"
0010082752428,5185878,"Macrame pattern book includes over 70 knots and small repeat patterns plus projects","2018-04-30 14:02:00",746.4222,3003501,nanf,"746.4222 M2449 2013"
0010082752428,5185878,"Macrame pattern book includes over 70 knots and small repeat patterns plus projects","2018-06-03 14:29:00",746.4222,3003501,nanf,"746.4222 M2449 2013"
0010082752428,5185878,"Macrame pattern book includes over 70 knots and small repeat patterns plus projects","2018-07-25 12:05:00",746.4222,3003501,nanf,"746.4222 M2449 2013"
0010082752428,5185878,"Macrame pattern book includes over 70 knots and small repeat patterns plus projects","2018-10-12 11:23:00",746.4222,3003501,nanf,"746.4222 M2449 2013"
0010082752428,5185878,"Macrame pattern book includes over 70 knots and small repeat patterns plus projects","2018-11-13 16:42:00",746.4222,3003501,nanf,"746.4222 M2449 2013"
0010082752428,5185878,"Macrame pattern book includes over 70 knots and small repeat patterns plus projects","2018-12-06 13:27:00",746.4222,3003501,nanf,"746.4222 M2449 2013"
0010082752428,5185878,"Macrame pattern book includes over 70 knots and small repeat patterns plus projects","2019-01-02 11:43:00",746.4222,3003501,nanf,"746.4222 M2449 2013"
0010082752428,5185878,"Macrame pattern book includes over 70 knots and small repeat patterns plus projects","2019-03-03 13:55:00",746.4222,3003501,nanf,"746.4222 M2449 2013"
0010082752428,5185878,"Macrame pattern book includes over 70 knots and small repeat patterns plus projects","2019-04-19 16:35:00",746.4222,3003501,nanf,"746.4222 M2449 2013"
0010082752428,5185878,"Macrame pattern book includes over 70 knots and small repeat patterns plus projects","2019-05-25 13:45:00",746.4222,3003501,nanf,"746.4222 M2449 2013"
0010082752428,5185878,"Macrame pattern book includes over 70 knots and small repeat patterns plus projects","2019-06-15 17:58:00",746.4222,3003501,nanf,"746.4222 M2449 2013"
0010082752402,5185879,"Macrame pattern book includes over 70 knots and small repeat patterns plus projects","2014-08-02 15:06:00",746.4222,3003501,nanew,"746.4222 M2449 2013"
0010082752402,5185879,"Macrame pattern book includes over 70 knots and small repeat patterns plus projects","2014-08-18 11:40:00",746.4222,3003501,nanew,"746.4222 M2449 2013"
0010082752402,5185879,"Macrame pattern book includes over 70 knots and small repeat patterns plus projects","2014-09-13 11:57:00",746.4222,3003501,nanew,"746.4222 M2449 2013"
0010082752402,5185879,"Macrame pattern book includes over 70 knots and small repeat patterns plus projects","2014-09-20 14:54:00",746.4222,3003501,nanew,"746.4222 M2449 2013"
0010082752402,5185879,"Macrame pattern book includes over 70 knots and small repeat patterns plus projects","2014-11-06 11:08:00",746.4222,3003501,nanew,"746.4222 M2449 2013"
0010082752402,5185879,"Macrame pattern book includes over 70 knots and small repeat patterns plus projects","2014-12-20 11:15:00",746.4222,3003501,nanf,"746.4222 M2449 2013"
0010082752402,5185879,"Macrame pattern book includes over 70 knots and small repeat patterns plus projects","2015-02-22 14:42:00",746.4222,3003501,nanf,"746.4222 M2449 2013"
0010082752402,5185879,"Macrame pattern book includes over 70 knots and small repeat patterns plus projects","2015-04-19 15:08:00",746.4222,3003501,nanf,"746.4222 M2449 2013"
0010082752402,5185879,"Macrame pattern book includes over 70 knots and small repeat patterns plus projects","2015-05-18 17:59:00",746.4222,3003501,nanf,"746.4222 M2449 2013"
0010082752402,5185879,"Macrame pattern book includes over 70 knots and small repeat patterns plus projects","2015-06-22 17:17:00",746.4222,3003501,nanf,"746.4222 M2449 2013"
0010082752402,5185879,"Macrame pattern book includes over 70 knots and small repeat patterns plus projects","2015-10-25 14:35:00",746.4222,3003501,nanf,"746.4222 M2449 2013"
0010082752402,5185879,"Macrame pattern book includes over 70 knots and small repeat patterns plus projects","2016-02-14 16:51:00",746.4222,3003501,nanf,"746.4222 M2449 2013"
0010082752402,5185879,"Macrame pattern book includes over 70 knots and small repeat patterns plus projects","2016-03-19 16:07:00",746.4222,3003501,nanf,"746.4222 M2449 2013"
0010082752402,5185879,"Macrame pattern book includes over 70 knots and small repeat patterns plus projects","2016-05-01 16:01:00",746.4222,3003501,nanf,"746.4222 M2449 2013"
0010082752402,5185879,"Macrame pattern book includes over 70 knots and small repeat patterns plus projects","2016-06-24 16:53:00",746.4222,3003501,nanf,"746.4222 M2449 2013"
0010082752402,5185879,"Macrame pattern book includes over 70 knots and small repeat patterns plus projects","2016-10-04 13:05:00",746.4222,3003501,nanf,"746.4222 M2449 2013"
0010082752402,5185879,"Macrame pattern book includes over 70 knots and small repeat patterns plus projects","2016-12-16 15:24:00",746.4222,3003501,nanf,"746.4222 M2449 2013"
0010082752402,5185879,"Macrame pattern book includes over 70 knots and small repeat patterns plus projects","2017-03-25 14:32:00",746.4222,3003501,nanf,"746.4222 M2449 2013"
0010082752402,5185879,"Macrame pattern book includes over 70 knots and small repeat patterns plus projects","2017-04-25 17:02:00",746.4222,3003501,nanf,"746.4222 M2449 2013"
0010082752402,5185879,"Macrame pattern book includes over 70 knots and small repeat patterns plus projects","2017-06-15 16:21:00",746.4222,3003501,nanf,"746.4222 M2449 2013"
0010082752402,5185879,"Macrame pattern book includes over 70 knots and small repeat patterns plus projects","2017-08-23 17:27:00",746.4222,3003501,nanf,"746.4222 M2449 2013"
0010082752402,5185879,"Macrame pattern book includes over 70 knots and small repeat patterns plus projects","2018-04-09 16:58:00",746.4222,3003501,nanf,"746.4222 M2449 2013"
0010082752402,5185879,"Macrame pattern book includes over 70 knots and small repeat patterns plus projects","2018-05-29 16:34:00",746.4222,3003501,nanf,"746.4222 M2449 2013"
0010082752402,5185879,"Macrame pattern book includes over 70 knots and small repeat patterns plus projects","2018-07-05 16:34:00",746.4222,3003501,nanf,"746.4222 M2449 2013"
0010082752402,5185879,"Macrame pattern book includes over 70 knots and small repeat patterns plus projects","2018-11-14 18:06:00",746.4222,3003501,nanf,"746.4222 M2449 2013"
0010082752402,5185879,"Macrame pattern book includes over 70 knots and small repeat patterns plus projects","2018-12-19 12:13:00",746.4222,3003501,nanf,"746.4222 M2449 2013"
0010082752410,5185880,"Macrame pattern book includes over 70 knots and small repeat patterns plus projects","2014-08-26 13:32:00",746.4222,3003501,nanf,"746.4222 M2449 2013"
0010082752410,5185880,"Macrame pattern book includes over 70 knots and small repeat patterns plus projects","2014-10-23 12:27:00",746.4222,3003501,nanf,"746.4222 M2449 2013"
0010082752410,5185880,"Macrame pattern book includes over 70 knots and small repeat patterns plus projects","2014-11-21 13:30:00",746.4222,3003501,nanf,"746.4222 M2449 2013"
0010082752410,5185880,"Macrame pattern book includes over 70 knots and small repeat patterns plus projects","2015-05-11 11:22:00",746.4222,3003501,nanf,"746.4222 M2449 2013"
0010082752410,5185880,"Macrame pattern book includes over 70 knots and small repeat patterns plus projects","2016-05-23 15:57:00",746.4222,3003501,nanf,"746.4222 M2449 2013"
0010082752410,5185880,"Macrame pattern book includes over 70 knots and small repeat patterns plus projects","2016-12-05 12:40:00",746.4222,3003501,nanf,"746.4222 M2449 2013"
0010082752410,5185880,"Macrame pattern book includes over 70 knots and small repeat patterns plus projects","2017-01-19 19:40:00",746.4222,3003501,nanf,"746.4222 M2449 2013"
0010082752410,5185880,"Macrame pattern book includes over 70 knots and small repeat patterns plus projects","2017-05-07 15:12:00",746.4222,3003501,nanf,"746.4222 M2449 2013"
0010082752410,5185880,"Macrame pattern book includes over 70 knots and small repeat patterns plus projects","2017-06-06 11:20:00",746.4222,3003501,nanf,"746.4222 M2449 2013"
0010082752410,5185880,"Macrame pattern book includes over 70 knots and small repeat patterns plus projects","2017-10-06 16:20:00",746.4222,3003501,nanf,"746.4222 M2449 2013"
0010082752410,5185880,"Macrame pattern book includes over 70 knots and small repeat patterns plus projects","2018-03-21 13:49:00",746.4222,3003501,nanf,"746.4222 M2449 2013"
0010082752410,5185880,"Macrame pattern book includes over 70 knots and small repeat patterns plus projects","2018-04-17 16:15:00",746.4222,3003501,nanf,"746.4222 M2449 2013"
0010082752410,5185880,"Macrame pattern book includes over 70 knots and small repeat patterns plus projects","2018-05-22 15:54:00",746.4222,3003501,nanf,"746.4222 M2449 2013"
0010082752410,5185880,"Macrame pattern book includes over 70 knots and small repeat patterns plus projects","2018-11-02 17:41:00",746.4222,3003501,nanf,"746.4222 M2449 2013"
0010082752410,5185880,"Macrame pattern book includes over 70 knots and small repeat patterns plus projects","2019-02-06 10:36:00",746.4222,3003501,nanf,"746.4222 M2449 2013"
0010082752410,5185880,"Macrame pattern book includes over 70 knots and small repeat patterns plus projects","2019-04-15 19:25:00",746.4222,3003501,nanf,"746.4222 M2449 2013"
0010082752410,5185880,"Macrame pattern book includes over 70 knots and small repeat patterns plus projects","2019-07-27 16:14:00",746.4222,3003501,nanf,"746.4222 M2449 2013"
0010082752410,5185880,"Macrame pattern book includes over 70 knots and small repeat patterns plus projects","2019-08-28 10:38:00",746.4222,3003501,nanf,"746.4222 M2449 2013"
0010082752410,5185880,"Macrame pattern book includes over 70 knots and small repeat patterns plus projects","2019-11-27 13:42:00",746.4222,3003501,nanf,"746.4222 M2449 2013"
0010082752410,5185880,"Macrame pattern book includes over 70 knots and small repeat patterns plus projects","2020-01-25 14:59:00",746.4222,3003501,nanf,"746.4222 M2449 2013"
0010082752410,5185880,"Macrame pattern book includes over 70 knots and small repeat patterns plus projects","2020-02-10 14:49:00",746.4222,3003501,nanf,"746.4222 M2449 2013"
0010082752410,5185880,"Macrame pattern book includes over 70 knots and small repeat patterns plus projects","2020-11-14 13:56:00",746.4222,3003501,nanf,"746.4222 M2449 2013"
0010082752410,5185880,"Macrame pattern book includes over 70 knots and small repeat patterns plus projects","2021-01-24 17:03:00",746.4222,3003501,nanf,"746.4222 M2449 2013"
0010082752410,5185880,"Macrame pattern book includes over 70 knots and small repeat patterns plus projects","2021-05-08 14:40:00",746.4222,3003501,nanf,"746.4222 M2449 2013"
0010082752410,5185880,"Macrame pattern book includes over 70 knots and small repeat patterns plus projects","2021-09-01 15:47:00",746.4222,3003501,nanf,"746.4222 M2449 2013"
0010082752410,5185880,"Macrame pattern book includes over 70 knots and small repeat patterns plus projects","2022-04-03 12:22:00",746.4222,3003501,nanf,"746.4222 M2449 2013"
0010082752410,5185880,"Macrame pattern book includes over 70 knots and small repeat patterns plus projects","2023-01-06 15:55:00",746.4222,3003501,nanf,"746.4222 M2449 2013"
0010099672387,7117720,"Macrame pattern book includes over 70 knots and small repeat patterns plus projects","2019-10-08 17:25:00",746.4222,3003501,canf,"746.4222 M2449 2013"
0010099672387,7117720,"Macrame pattern book includes over 70 knots and small repeat patterns plus projects","2019-11-12 16:09:00",746.4222,3003501,canf,"746.4222 M2449 2013"
0010099672387,7117720,"Macrame pattern book includes over 70 knots and small repeat patterns plus projects","2019-12-30 11:30:00",746.4222,3003501,canf,"746.4222 M2449 2013"
0010099672387,7117720,"Macrame pattern book includes over 70 knots and small repeat patterns plus projects","2020-01-08 14:23:00",746.4222,3003501,canf,"746.4222 M2449 2013"
0010099672387,7117720,"Macrame pattern book includes over 70 knots and small repeat patterns plus projects","2020-01-19 13:53:00",746.4222,3003501,canf,"746.4222 M2449 2013"
0010099672387,7117720,"Macrame pattern book includes over 70 knots and small repeat patterns plus projects","2020-12-22 09:47:00",746.4222,3003501,canf,"746.4222 M2449 2013"
0010099672387,7117720,"Macrame pattern book includes over 70 knots and small repeat patterns plus projects","2021-02-03 16:52:00",746.4222,3003501,canf,"746.4222 M2449 2013"
0010099672387,7117720,"Macrame pattern book includes over 70 knots and small repeat patterns plus projects","2021-03-17 16:20:00",746.4222,3003501,canf,"746.4222 M2449 2013"
0010099672387,7117720,"Macrame pattern book includes over 70 knots and small repeat patterns plus projects","2021-08-26 16:11:00",746.4222,3003501,canf,"746.4222 M2449 2013"
0010099672387,7117720,"Macrame pattern book includes over 70 knots and small repeat patterns plus projects","2021-09-11 13:25:00",746.4222,3003501,canf,"746.4222 M2449 2013"
0010099672387,7117720,"Macrame pattern book includes over 70 knots and small repeat patterns plus projects","2021-11-18 12:31:00",746.4222,3003501,canf,"746.4222 M2449 2013"
0010099672387,7117720,"Macrame pattern book includes over 70 knots and small repeat patterns plus projects","2022-01-08 11:09:00",746.4222,3003501,canf,"746.4222 M2449 2013"
0010099672387,7117720,"Macrame pattern book includes over 70 knots and small repeat patterns plus projects","2022-04-01 16:57:00",746.4222,3003501,canf,"746.4222 M2449 2013"
0010099672387,7117720,"Macrame pattern book includes over 70 knots and small repeat patterns plus projects","2022-06-30 18:06:00",746.4222,3003501,canf,"746.4222 M2449 2013"
0010099672387,7117720,"Macrame pattern book includes over 70 knots and small repeat patterns plus projects","2023-01-08 16:01:00",746.4222,3003501,canf,"746.4222 M2449 2013"
0010099672379,7117721,"Macrame pattern book includes over 70 knots and small repeat patterns plus projects","2019-11-04 13:40:00",746.4222,3003501,canf,"746.4222 M2449 2013"
0010099672379,7117721,"Macrame pattern book includes over 70 knots and small repeat patterns plus projects","2019-11-10 13:50:00",746.4222,3003501,canf,"746.4222 M2449 2013"
0010099672379,7117721,"Macrame pattern book includes over 70 knots and small repeat patterns plus projects","2019-12-16 11:28:00",746.4222,3003501,canf,"746.4222 M2449 2013"
0010099672379,7117721,"Macrame pattern book includes over 70 knots and small repeat patterns plus projects","2020-01-11 16:26:00",746.4222,3003501,canf,"746.4222 M2449 2013"
0010099672379,7117721,"Macrame pattern book includes over 70 knots and small repeat patterns plus projects","2020-02-14 17:08:00",746.4222,3003501,canf,"746.4222 M2449 2013"
0010099672379,7117721,"Macrame pattern book includes over 70 knots and small repeat patterns plus projects","2020-10-06 17:42:00",746.4222,3003501,canf,"746.4222 M2449 2013"
0010099672379,7117721,"Macrame pattern book includes over 70 knots and small repeat patterns plus projects","2020-11-19 14:20:00",746.4222,3003501,canf,"746.4222 M2449 2013"
0010099672379,7117721,"Macrame pattern book includes over 70 knots and small repeat patterns plus projects","2021-01-06 13:50:00",746.4222,3003501,canf,"746.4222 M2449 2013"
0010099672379,7117721,"Macrame pattern book includes over 70 knots and small repeat patterns plus projects","2021-07-28 15:04:00",746.4222,3003501,canf,"746.4222 M2449 2013"
0010099672379,7117721,"Macrame pattern book includes over 70 knots and small repeat patterns plus projects","2021-09-21 12:07:00",746.4222,3003501,canf,"746.4222 M2449 2013"
0010099672379,7117721,"Macrame pattern book includes over 70 knots and small repeat patterns plus projects","2022-02-19 13:34:00",746.4222,3003501,canf,"746.4222 M2449 2013"
0010099672379,7117721,"Macrame pattern book includes over 70 knots and small repeat patterns plus projects","2022-04-19 13:49:00",746.4222,3003501,canf,"746.4222 M2449 2013"
0010099672379,7117721,"Macrame pattern book includes over 70 knots and small repeat patterns plus projects","2022-05-06 17:03:00",746.4222,3003501,canf,"746.4222 M2449 2013"
0010099672379,7117721,"Macrame pattern book includes over 70 knots and small repeat patterns plus projects","2022-08-11 17:04:00",746.4222,3003501,canf,"746.4222 M2449 2013"
0010099672379,7117721,"Macrame pattern book includes over 70 knots and small repeat patterns plus projects","2022-12-07 18:37:00",746.4222,3003501,canf,"746.4222 M2449 2013"
0010099672379,7117721,"Macrame pattern book includes over 70 knots and small repeat patterns plus projects","2023-02-03 15:23:00",746.4222,3003501,canf,"746.4222 M2449 2013"
0010099672361,7117722,"Macrame pattern book includes over 70 knots and small repeat patterns plus projects","2019-10-24 15:46:00",746.4222,3003501,nanf,"746.4222 M2449 2013"
0010099672361,7117722,"Macrame pattern book includes over 70 knots and small repeat patterns plus projects","2019-11-20 11:12:00",746.4222,3003501,nanf,"746.4222 M2449 2013"
0010099672361,7117722,"Macrame pattern book includes over 70 knots and small repeat patterns plus projects","2019-12-16 18:12:00",746.4222,3003501,nanf,"746.4222 M2449 2013"
0010099672361,7117722,"Macrame pattern book includes over 70 knots and small repeat patterns plus projects","2019-12-31 13:44:00",746.4222,3003501,nanf,"746.4222 M2449 2013"
0010099672361,7117722,"Macrame pattern book includes over 70 knots and small repeat patterns plus projects","2021-01-07 16:50:00",746.4222,3003501,nanf,"746.4222 M2449 2013"
0010099672361,7117722,"Macrame pattern book includes over 70 knots and small repeat patterns plus projects","2021-04-18 13:21:00",746.4222,3003501,nanf,"746.4222 M2449 2013"
0010099672361,7117722,"Macrame pattern book includes over 70 knots and small repeat patterns plus projects","2021-07-09 14:02:00",746.4222,3003501,nanf,"746.4222 M2449 2013"
0010099672361,7117722,"Macrame pattern book includes over 70 knots and small repeat patterns plus projects","2021-08-20 10:07:00",746.4222,3003501,nanf,"746.4222 M2449 2013"
0010099672361,7117722,"Macrame pattern book includes over 70 knots and small repeat patterns plus projects","2021-11-05 12:52:00",746.4222,3003501,nanf,"746.4222 M2449 2013"
0010099672361,7117722,"Macrame pattern book includes over 70 knots and small repeat patterns plus projects","2022-02-25 12:08:00",746.4222,3003501,nanf,"746.4222 M2449 2013"
0010099672361,7117722,"Macrame pattern book includes over 70 knots and small repeat patterns plus projects","2022-04-09 17:10:00",746.4222,3003501,nanf,"746.4222 M2449 2013"
0010099672361,7117722,"Macrame pattern book includes over 70 knots and small repeat patterns plus projects","2022-07-06 10:11:00",746.4222,3003501,nanf,"746.4222 M2449 2013"
0010099672353,7117723,"Macrame pattern book includes over 70 knots and small repeat patterns plus projects","2019-11-09 13:17:00",746.4222,3003501,nanf,"746.4222 M2449 2013"
0010099672353,7117723,"Macrame pattern book includes over 70 knots and small repeat patterns plus projects","2020-01-11 10:01:00",746.4222,3003501,nanf,"746.4222 M2449 2013"
0010099672353,7117723,"Macrame pattern book includes over 70 knots and small repeat patterns plus projects","2020-01-25 13:25:00",746.4222,3003501,nanf,"746.4222 M2449 2013"
0010099672353,7117723,"Macrame pattern book includes over 70 knots and small repeat patterns plus projects","2020-03-13 13:57:00",746.4222,3003501,nanf,"746.4222 M2449 2013"
0010099672353,7117723,"Macrame pattern book includes over 70 knots and small repeat patterns plus projects","2020-09-04 11:41:00",746.4222,3003501,nanf,"746.4222 M2449 2013"
0010099672353,7117723,"Macrame pattern book includes over 70 knots and small repeat patterns plus projects","2021-03-20 13:20:00",746.4222,3003501,nanf,"746.4222 M2449 2013"
0010099672353,7117723,"Macrame pattern book includes over 70 knots and small repeat patterns plus projects","2021-04-13 13:34:00",746.4222,3003501,nanf,"746.4222 M2449 2013"
0010099672353,7117723,"Macrame pattern book includes over 70 knots and small repeat patterns plus projects","2021-07-10 15:48:00",746.4222,3003501,nanf,"746.4222 M2449 2013"
0010099672353,7117723,"Macrame pattern book includes over 70 knots and small repeat patterns plus projects","2021-08-22 16:52:00",746.4222,3003501,nanf,"746.4222 M2449 2013"
0010099672353,7117723,"Macrame pattern book includes over 70 knots and small repeat patterns plus projects","2021-12-02 16:46:00",746.4222,3003501,nanf,"746.4222 M2449 2013"
0010099672353,7117723,"Macrame pattern book includes over 70 knots and small repeat patterns plus projects","2022-03-25 16:02:00",746.4222,3003501,nanf,"746.4222 M2449 2013"
0010099672353,7117723,"Macrame pattern book includes over 70 knots and small repeat patterns plus projects","2022-04-18 15:58:00",746.4222,3003501,nanf,"746.4222 M2449 2013"
0010099672353,7117723,"Macrame pattern book includes over 70 knots and small repeat patterns plus projects","2022-12-11 16:47:00",746.4222,3003501,nanf,"746.4222 M2449 2013"
